event,step,loss,grad_norm,update_seconds,elapsed_seconds,validation_exact,validation_valid
train,1,3.09466689825058,0.6827123165130615,1.0464731119573116,1.1011623684316874,,
train,500,1.2308416366577148,1.6351845264434814,0.6873104311525822,350.9443847183138,,
train,1000,1.0552922785282135,2.2155098915100098,0.6974104698747396,701.0508492495865,,
train,1500,0.9568615704774857,2.819166660308838,0.6836214065551758,1050.4575556963682,,
train,2000,0.9231734871864319,3.975813388824463,0.6849239058792591,1396.7501070592552,,
train,2500,1.0407541692256927,3.8577871322631836,0.6845174096524715,1742.0993543975055,,
train,3000,0.9359410107135773,3.2930102348327637,0.695530254393816,2087.7908500395715,,
train,3500,0.8817584216594696,2.2240490913391113,0.6912540271878242,2436.5226849969476,,
train,4000,1.056601196527481,5.650201320648193,0.6833599489182234,2783.069232940674,,
train,4500,0.9660149961709976,3.8079724311828613,0.68168094009161,3128.5057428684086,,
train,5000,0.8709308058023453,14.318635940551758,0.6810630913823843,3473.0295270085335,,
validation,5000,,,,3581.6720688156784,0.59619140625,0.59619140625
train,5500,0.8010588735342026,2.2883853912353516,0.6836984194815159,3930.086417781189,,
train,6000,0.9040470272302628,2.976736307144165,0.6830212939530611,4276.370195059106,,
train,6500,0.7695811837911606,2.282679796218872,0.6819474585354328,4621.6741330735385,,
train,7000,0.7262590825557709,3.658862829208374,0.6747169252485037,4965.446923691779,,
train,7500,0.8719289898872375,4.050394535064697,0.6923606861382723,5312.3717510961,,
train,8000,0.8083087652921677,2.1528680324554443,0.6866322848945856,5659.617452440783,,
train,8500,0.7981812357902527,4.373620510101318,0.6824633311480284,6005.793537883088,,
train,9000,0.9065126180648804,2.022027015686035,0.6814222540706396,6350.523379417136,,
train,9500,0.7042348682880402,2.2240800857543945,0.687652725726366,6696.073929419741,,
budget_validation,9511,,,,6812.922396155074,0.73199462890625,0.73199462890625
train,10000,0.7458804100751877,1.8648567199707031,0.7412639558315277,7152.137638593093,,
validation,10000,,,,7261.595633199438,0.69635009765625,0.69635009765625
train,10500,0.7011772394180298,1.7582038640975952,0.6842088140547276,7607.203646603972,,
train,11000,0.8331566751003265,2.5120768547058105,0.6795195415616035,7951.656365619972,,
train,11500,0.7081312984228134,3.7992351055145264,0.6842112001031637,8297.479873145,,
train,12000,0.8128236681222916,3.490156412124634,0.685548597946763,8643.328753734007,,
train,12500,0.6999548077583313,2.5312411785125732,0.7358530629426241,8988.969468154013,,
train,13000,0.6776098906993866,1.8652886152267456,0.6837320681661367,9333.54693589732,,
train,13500,0.6925859749317169,2.243285894393921,0.6833651661872864,9678.428203513846,,
train,14000,0.670218899846077,1.2914295196533203,0.7739997040480375,10024.613237649202,,
train,14500,0.6431807726621628,1.4058191776275635,0.6808472219854593,10368.830563388765,,
train,15000,0.6692029684782028,1.803898572921753,0.6888885777443647,10713.09373847209,,
validation,15000,,,,10823.93717023544,0.80877685546875,0.80877685546875
train,15500,0.7093224823474884,2.0039730072021484,0.6861715521663427,11167.842926273122,,
train,16000,0.6923269182443619,2.679720640182495,0.6823964361101389,11522.831613559276,,
train,16500,0.6909292638301849,2.647554397583008,0.7341508753597736,11871.275252060965,,
train,17000,0.6028930395841599,1.5951831340789795,0.733155619353056,12225.222802275792,,
train,17500,0.6794783473014832,1.6216681003570557,0.67859429679811,12572.618334067985,,
train,18000,0.7694125026464462,1.9694682359695435,0.6863314379006624,12920.773034065962,,
train,18500,0.6442157030105591,1.9569092988967896,0.6833917517215014,13277.599376967177,,
train,19000,0.5821534544229507,1.0507856607437134,0.7311012279242277,13623.328014468774,,
train,19500,0.5667841657996178,1.8580269813537598,0.7215624544769526,13969.51186081022,,
train,20000,0.6562841683626175,1.6693212985992432,0.6844262555241585,14333.303502516821,,
validation,20000,,,,14443.289625929669,0.8433837890625,0.8433837890625
train,20500,0.6086377054452896,1.1505478620529175,0.6817733477801085,14790.042420012876,,
train,21000,0.6051592826843262,1.3815643787384033,0.6795482523739338,15134.973153406754,,
train,21500,0.608833834528923,1.9059590101242065,0.6801008023321629,15480.518382919952,,
train,22000,0.6116362661123276,1.7812899351119995,0.6907259859144688,15826.50871044211,,
train,22500,0.6139318346977234,1.2934491634368896,0.6823119465261698,16173.815157907084,,
train,23000,0.5846156179904938,4.391583442687988,0.6804146952927113,16520.292258493602,,
train,23500,0.6086000874638557,1.3737794160842896,0.680993914604187,16866.527906507254,,
train,24000,0.6637902557849884,1.5700494050979614,0.6835256833583117,17214.37579320185,,
train,24500,0.6000443696975708,2.4936821460723877,0.6860221661627293,17563.050424588844,,
train,25000,0.6151003241539001,1.966652750968933,0.6828158628195524,17909.439583549276,,
validation,25000,,,,18019.05924967304,0.8677978515625,0.8677978515625
train,25500,0.6106995642185211,1.5667119026184082,0.6801479384303093,18363.62971409224,,
train,26000,0.6135657653212547,1.7221139669418335,0.697691572830081,18722.79878026992,,
train,26500,0.6791028827428818,0.8637703657150269,0.6884334646165371,19091.700957823545,,
train,27000,0.7132748961448669,1.6593387126922607,0.6895582675933838,19454.321234403178,,
train,27500,0.5591898858547211,1.8316242694854736,0.7120951935648918,19821.94781970419,,
train,28000,0.572178453207016,1.6872714757919312,0.7066351752728224,20187.67519614473,,
train,28500,0.5632185637950897,1.0906988382339478,0.6936204619705677,20556.070624636486,,
train,29000,0.5898335427045822,1.3465681076049805,0.6965299174189568,20927.948139803484,,
train,29500,0.5868780016899109,1.4604560136795044,0.7155256345868111,21307.284152250737,,
train,30000,0.5066940486431122,1.9633055925369263,0.6940289940685034,21671.68213546835,,
validation,30000,,,,21780.811676371843,0.86639404296875,0.86639404296875
train,30500,0.5771375298500061,2.0018362998962402,1.114531559869647,22151.00308563374,,
train,31000,0.5271262973546982,0.8299321532249451,0.7151632029563189,22526.752450091764,,
train,31500,0.5886567682027817,2.636615037918091,0.6842583194375038,22908.18656624481,,
train,32000,0.6148614436388016,1.3896043300628662,0.694913862273097,23280.747346555814,,
train,32500,0.55072982609272,1.2514456510543823,0.6916471254080534,23652.90411524847,,
train,33000,0.5167920887470245,1.212826132774353,0.6864895820617676,24018.3823141139,,
train,33500,0.572647362947464,0.9577880501747131,0.6958325188606977,24380.679230203852,,
train,34000,0.6356846243143082,2.9381015300750732,0.6858972366899252,24735.73345148191,,
train,34500,0.5462904572486877,0.982914924621582,0.9114272613078356,25097.980774154887,,
train,35000,0.5669374763965607,1.8806872367858887,0.6864057891070843,25461.6885765139,,
validation,35000,,,,25571.33674824424,0.87640380859375,0.87640380859375
train,35500,0.5725042000412941,0.9675760865211487,0.686980839818716,25930.48621349223,,
train,36000,0.5756645500659943,1.3441832065582275,0.6858650594949722,26287.638079071417,,
train,36500,0.5304378569126129,1.0705838203430176,0.6931306067854166,26648.957510661334,,
train,37000,0.580120749771595,1.9504228830337524,0.907547177746892,27006.496885322034,,
train,37500,0.5111585706472397,1.3616697788238525,0.6852350998669863,27361.719801751897,,
train,38000,0.543068490922451,0.9694976806640625,0.6796968039125204,27716.610783314332,,
train,38500,0.5805098861455917,1.3716673851013184,0.6881663110107183,28073.37511108443,,
train,39000,0.5539038106799126,0.9232757687568665,0.6874196752905846,28431.824835117906,,
train,39500,0.557643473148346,0.8149730563163757,0.9083600100129843,28787.301066650078,,
train,40000,0.5806659385561943,1.2386844158172607,0.6801337506622076,29140.80586192198,,
validation,40000,,,,29250.112232828513,0.90850830078125,0.90850830078125
train,40500,0.6142881661653519,1.118821144104004,0.6853752247989178,29607.283302627504,,
train,41000,0.546237587928772,0.7744520902633667,0.686830461025238,29963.838291196153,,
train,41500,0.534105122089386,0.896809995174408,0.6802351996302605,30321.32389402762,,
train,42000,0.5139589235186577,1.3335907459259033,0.6811052039265633,30678.025329887867,,
train,42500,0.5713713839650154,2.2969093322753906,0.7019345946609974,31035.974441146478,,
train,43000,0.5378473475575447,1.0635091066360474,0.6859646551311016,31394.46385568008,,
train,43500,0.6301455795764923,1.1438170671463013,0.6799355801194906,31749.089642787352,,
train,44000,0.5692117586731911,0.8399028778076172,0.6947120986878872,32105.18419857137,,
train,44500,0.5160059928894043,2.324207067489624,0.6955651436001062,32475.520771946758,,
train,45000,0.5558262392878532,1.016610026359558,0.686482559889555,32835.29978905432,,
validation,45000,,,,32943.220790192485,0.8944091796875,0.8944091796875
train,45500,0.49422651529312134,0.6120598912239075,0.6970486529171467,33304.228296214715,,
train,46000,0.5490909069776535,1.037184238433838,0.67958989366889,33654.09820010513,,
train,46500,0.5817707180976868,0.8495911359786987,0.6896571312099695,33997.52104704641,,
train,47000,0.5252114906907082,0.7539002299308777,0.6798695530742407,34343.82363779284,,
train,47500,0.5524051412940025,0.7235067486763,0.6797054372727871,34688.85528749041,,
train,48000,0.5286023318767548,0.9364017844200134,0.6806608382612467,35035.82783516869,,
train,48500,0.5380980595946312,1.0270696878433228,0.6823807209730148,35381.88056829013,,
train,49000,0.5128905922174454,1.561960220336914,0.6850987430661917,35727.14701523073,,
train,49500,0.530600517988205,0.5745869874954224,0.6792864073067904,36069.889383094385,,
train,50000,0.5152161046862602,0.900754451751709,0.6755776926875114,36411.24917456135,,
validation,50000,,,,36519.82462894544,0.89459228515625,0.89459228515625
