group,architecture,seed,steps,bucket,n,exact_rate,valid_rate,exact_count,valid_count,params,saved_step,checkpoint_sha256,source_rows_sha256,forward_seconds,pipeline_seconds
matched_parameters_fixed_exposure_final,joint,0,64,all,300702,0.9235655233420462,0.9235655233420462,277718,277718,765065,50000,0d0391ef42443a44b6caad9d043acfa7f5e48fa9d3c7c735b24ce3d547a7f0c5,1b4dce4a37fb0008378c3d8ecd8e3bc54b867d2252360e74634cabae0a98fe6d,1098.5720095615834,1100.461928166449
matched_parameters_fixed_exposure_final,joint,0,64,rating_4_plus,6543,0.7064037903102552,0.7064037903102552,4622,4622,765065,50000,0d0391ef42443a44b6caad9d043acfa7f5e48fa9d3c7c735b24ce3d547a7f0c5,1b4dce4a37fb0008378c3d8ecd8e3bc54b867d2252360e74634cabae0a98fe6d,1098.5720095615834,1100.461928166449
matched_parameters_fixed_exposure_final,graph,0,64,all,300702,0.8961895830423475,0.8961895830423475,269486,269486,766041,50000,9354ff975f0af27a91125fc33f84a7b364c13099e41550e8942bb40d04496637,1b4dce4a37fb0008378c3d8ecd8e3bc54b867d2252360e74634cabae0a98fe6d,2107.053621388972,2108.810733318329
matched_parameters_fixed_exposure_final,graph,0,64,rating_4_plus,6543,0.6585664068470121,0.6585664068470121,4309,4309,766041,50000,9354ff975f0af27a91125fc33f84a7b364c13099e41550e8942bb40d04496637,1b4dce4a37fb0008378c3d8ecd8e3bc54b867d2252360e74634cabae0a98fe6d,2107.053621388972,2108.810733318329
matched_parameters_fixed_exposure_final,hypergraph,0,64,all,300702,0.9036654229103896,0.9036654229103896,271734,271734,764265,50000,88b944319d144cc5d07c8bf87bea80cf147180543bf6e5047edc00684428c312,1b4dce4a37fb0008378c3d8ecd8e3bc54b867d2252360e74634cabae0a98fe6d,401.66833025217056,403.6002333126962
matched_parameters_fixed_exposure_final,hypergraph,0,64,rating_4_plus,6543,0.6090478373834632,0.6090478373834632,3985,3985,764265,50000,88b944319d144cc5d07c8bf87bea80cf147180543bf6e5047edc00684428c312,1b4dce4a37fb0008378c3d8ecd8e3bc54b867d2252360e74634cabae0a98fe6d,401.66833025217056,403.6002333126962
matched_parameters_fixed_exposure_final,joint,1,64,all,300702,0.9097312289243171,0.9097312289243171,273558,273558,765065,50000,c468568e9f0495e9c5441304a785bfd8dc8a543755abfa65bee30dbf8e78a089,1b4dce4a37fb0008378c3d8ecd8e3bc54b867d2252360e74634cabae0a98fe6d,1159.1625165622681,1161.7282985076308
matched_parameters_fixed_exposure_final,joint,1,64,rating_4_plus,6543,0.6752254317591319,0.6752254317591319,4418,4418,765065,50000,c468568e9f0495e9c5441304a785bfd8dc8a543755abfa65bee30dbf8e78a089,1b4dce4a37fb0008378c3d8ecd8e3bc54b867d2252360e74634cabae0a98fe6d,1159.1625165622681,1161.7282985076308
matched_parameters_fixed_exposure_final,graph,1,64,all,300702,0.8976228957572614,0.8976228957572614,269917,269917,766041,50000,0f66cbfd632e0120913dcc2482bd1da72e8fc556057bf2077e870f4ae9ab1c97,1b4dce4a37fb0008378c3d8ecd8e3bc54b867d2252360e74634cabae0a98fe6d,2038.8684294559062,2040.8627412170172
matched_parameters_fixed_exposure_final,graph,1,64,rating_4_plus,6543,0.6714045544857099,0.6714045544857099,4393,4393,766041,50000,0f66cbfd632e0120913dcc2482bd1da72e8fc556057bf2077e870f4ae9ab1c97,1b4dce4a37fb0008378c3d8ecd8e3bc54b867d2252360e74634cabae0a98fe6d,2038.8684294559062,2040.8627412170172
matched_parameters_fixed_exposure_final,hypergraph,1,64,all,300702,0.0,0.0,0,0,764265,50000,2e160922d7a2874c3a1ea18fc4ff0a20d12aaa8fb4399fe976f036a262d78486,1b4dce4a37fb0008378c3d8ecd8e3bc54b867d2252360e74634cabae0a98fe6d,380.94731282256544,382.509141843766
matched_parameters_fixed_exposure_final,hypergraph,1,64,rating_4_plus,6543,0.0,0.0,0,0,764265,50000,2e160922d7a2874c3a1ea18fc4ff0a20d12aaa8fb4399fe976f036a262d78486,1b4dce4a37fb0008378c3d8ecd8e3bc54b867d2252360e74634cabae0a98fe6d,380.94731282256544,382.509141843766
matched_parameters_fixed_exposure_final,joint,2,64,all,300702,0.927908693656843,0.927908693656843,279024,279024,765065,50000,e176a7b8a67ba9ef4f30ab684ea5bfcd4dfb8b7128130651bc5b395a8b53da2d,1b4dce4a37fb0008378c3d8ecd8e3bc54b867d2252360e74634cabae0a98fe6d,1143.578375518322,1145.185497328639
matched_parameters_fixed_exposure_final,joint,2,64,rating_4_plus,6543,0.7048754394008865,0.7048754394008865,4612,4612,765065,50000,e176a7b8a67ba9ef4f30ab684ea5bfcd4dfb8b7128130651bc5b395a8b53da2d,1b4dce4a37fb0008378c3d8ecd8e3bc54b867d2252360e74634cabae0a98fe6d,1143.578375518322,1145.185497328639
matched_parameters_fixed_exposure_final,graph,2,64,all,300702,0.87791235176354,0.87791235176354,263990,263990,766041,50000,0bd5a9dd37f3778b5c0b28a57b00eaa6bd230413706c0d6adb09b673b62d779c,1b4dce4a37fb0008378c3d8ecd8e3bc54b867d2252360e74634cabae0a98fe6d,2022.1874982025474,2023.7348952014
matched_parameters_fixed_exposure_final,graph,2,64,rating_4_plus,6543,0.6229558306587193,0.6229558306587193,4076,4076,766041,50000,0bd5a9dd37f3778b5c0b28a57b00eaa6bd230413706c0d6adb09b673b62d779c,1b4dce4a37fb0008378c3d8ecd8e3bc54b867d2252360e74634cabae0a98fe6d,2022.1874982025474,2023.7348952014
matched_parameters_fixed_exposure_final,hypergraph,2,64,all,300702,0.9102101083464693,0.9102101083464693,273702,273702,764265,50000,b7c8918bdfb670701f64fbf93abfaca24f1923af1f1a3de87f2e9dcdbc3e49c6,1b4dce4a37fb0008378c3d8ecd8e3bc54b867d2252360e74634cabae0a98fe6d,381.17726357094944,382.78517046943307
matched_parameters_fixed_exposure_final,hypergraph,2,64,rating_4_plus,6543,0.6189821182943603,0.6189821182943603,4050,4050,764265,50000,b7c8918bdfb670701f64fbf93abfaca24f1923af1f1a3de87f2e9dcdbc3e49c6,1b4dce4a37fb0008378c3d8ecd8e3bc54b867d2252360e74634cabae0a98fe6d,381.17726357094944,382.78517046943307
