runner,repeat,bucket,n,first_valid_count,selected_exact_count,valid_not_exact_count,unsolved_count,first_valid_rate,selected_exact_rate,mean_equivalent_steps,elapsed_runner_seconds,cycle0_cumulative_valid,cycle0_cumulative_exact,cycle1_cumulative_valid,cycle1_cumulative_exact,cycle2_cumulative_valid,cycle2_cumulative_exact,cycle3_cumulative_valid,cycle3_cumulative_exact,cycle4_cumulative_valid,cycle4_cumulative_exact,cycle5_cumulative_valid,cycle5_cumulative_exact
original,0,selected,6543,6349,6349,0,194,0.9703499923582455,0.9703499923582455,119.06953996637628,44.33044169843197,4405,4405,4750,4750,5581,5581,6076,6076,6273,6273,6349,6349
original,0,D4,6543,6349,6349,0,194,0.9703499923582455,0.9703499923582455,119.06953996637628,44.33044169843197,4405,4405,4750,4750,5581,5581,6076,6076,6273,6273,6349,6349
standalone_dynamic,0,selected,6543,6352,6352,0,191,0.9708084976310561,0.9708084976310561,119.0891028580162,45.209031431004405,4405,4405,4750,4750,5578,5578,6075,6075,6275,6275,6352,6352
standalone_dynamic,0,D4,6543,6352,6352,0,191,0.9708084976310561,0.9708084976310561,119.0891028580162,45.209031431004405,4405,4405,4750,4750,5578,5578,6075,6075,6275,6275,6352,6352
shared_dynamic,0,selected,6543,6351,6351,0,192,0.9706556625401193,0.9706556625401193,119.138010087116,75.20053320378065,4405,4405,4748,4748,5578,5578,6073,6073,6274,6274,6351,6351
shared_dynamic,0,D4,6543,6351,6351,0,192,0.9706556625401193,0.9706556625401193,119.138010087116,75.20053320378065,4405,4405,4748,4748,5578,5578,6073,6073,6274,6274,6351,6351
shared_recovery_frozen,0,selected,6543,5612,5612,0,931,0.8577105303377656,0.8577105303377656,139.87467522543176,75.20053320378065,4405,4405,4643,4643,5029,5029,5340,5340,5541,5541,5612,5612
shared_recovery_frozen,0,D4,6543,5612,5612,0,931,0.8577105303377656,0.8577105303377656,139.87467522543176,75.20053320378065,4405,4405,4643,4643,5029,5029,5340,5340,5541,5541,5612,5612
shared_dynamic,1,selected,6543,6349,6349,0,194,0.9703499923582455,0.9703499923582455,119.09888430383616,75.72357929870486,4405,4405,4749,4749,5579,5579,6075,6075,6274,6274,6349,6349
shared_dynamic,1,D4,6543,6349,6349,0,194,0.9703499923582455,0.9703499923582455,119.09888430383616,75.72357929870486,4405,4405,4749,4749,5579,5579,6075,6075,6274,6274,6349,6349
shared_recovery_frozen,1,selected,6543,5617,5617,0,926,0.85847470579245,0.85847470579245,139.84533088797187,75.72357929870486,4405,4405,4642,4642,5030,5030,5341,5341,5543,5543,5617,5617
shared_recovery_frozen,1,D4,6543,5617,5617,0,926,0.85847470579245,0.85847470579245,139.84533088797187,75.72357929870486,4405,4405,4642,4642,5030,5030,5341,5341,5543,5543,5617,5617
standalone_dynamic,1,selected,6543,6350,6350,0,193,0.9705028274491824,0.9705028274491824,119.12822864129605,46.248894806951284,4405,4405,4749,4749,5577,5577,6074,6074,6274,6274,6350,6350
standalone_dynamic,1,D4,6543,6350,6350,0,193,0.9705028274491824,0.9705028274491824,119.12822864129605,46.248894806951284,4405,4405,4749,4749,5577,5577,6074,6074,6274,6274,6350,6350
original,1,selected,6543,6350,6350,0,193,0.9705028274491824,0.9705028274491824,119.07932141219624,46.12538470886648,4405,4405,4749,4749,5578,5578,6077,6077,6275,6275,6350,6350
original,1,D4,6543,6350,6350,0,193,0.9705028274491824,0.9705028274491824,119.07932141219624,46.12538470886648,4405,4405,4749,4749,5578,5578,6077,6077,6275,6275,6350,6350
original,2,selected,6543,6350,6350,0,193,0.9705028274491824,0.9705028274491824,119.05975852055631,46.046949589625,4405,4405,4750,4750,5579,5579,6077,6077,6275,6275,6350,6350
original,2,D4,6543,6350,6350,0,193,0.9705028274491824,0.9705028274491824,119.05975852055631,46.046949589625,4405,4405,4750,4750,5579,5579,6077,6077,6275,6275,6350,6350
standalone_dynamic,2,selected,6543,6351,6351,0,192,0.9706556625401193,0.9706556625401193,119.14779153293597,46.175957480445504,4405,4405,4749,4749,5577,5577,6073,6073,6273,6273,6351,6351
standalone_dynamic,2,D4,6543,6351,6351,0,192,0.9706556625401193,0.9706556625401193,119.14779153293597,46.175957480445504,4405,4405,4749,4749,5577,5577,6073,6073,6273,6273,6351,6351
shared_dynamic,2,selected,6543,6349,6349,0,194,0.9703499923582455,0.9703499923582455,119.09888430383616,75.72012587450445,4405,4405,4750,4750,5578,5578,6075,6075,6274,6274,6349,6349
shared_dynamic,2,D4,6543,6349,6349,0,194,0.9703499923582455,0.9703499923582455,119.09888430383616,75.72012587450445,4405,4405,4750,4750,5578,5578,6075,6075,6274,6274,6349,6349
shared_recovery_frozen,2,selected,6543,5614,5614,0,929,0.8580162005196393,0.8580162005196393,139.85511233379185,75.72012587450445,4405,4405,4643,4643,5029,5029,5341,5341,5542,5542,5614,5614
shared_recovery_frozen,2,D4,6543,5614,5614,0,929,0.8580162005196393,0.8580162005196393,139.85511233379185,75.72012587450445,4405,4405,4643,4643,5029,5029,5341,5341,5542,5542,5614,5614
