left,right,bucket,n,both_exact,left_only_exact,right_only_exact,neither_exact,exact_disagreements,valid_disagreements,stopping_cycle_disagreements
original.repeat0,standalone_dynamic.repeat0,selected,6543,6349,0,3,191,3,3,12
original.repeat0,standalone_dynamic.repeat0,D4,6543,6349,0,3,191,3,3,12
original.repeat0,shared_dynamic.repeat0,selected,6543,6349,0,2,192,2,2,13
original.repeat0,shared_dynamic.repeat0,D4,6543,6349,0,2,192,2,2,13
original.repeat0,shared_recovery_frozen.repeat0,selected,6543,5592,757,20,174,777,777,1364
original.repeat0,shared_recovery_frozen.repeat0,D4,6543,5592,757,20,174,777,777,1364
original.repeat1,shared_dynamic.repeat1,selected,6543,6348,2,1,192,3,3,8
original.repeat1,shared_dynamic.repeat1,D4,6543,6348,2,1,192,3,3,8
shared_dynamic.repeat0,shared_dynamic.repeat1,selected,6543,6349,2,0,192,2,2,10
shared_dynamic.repeat0,shared_dynamic.repeat1,D4,6543,6349,2,0,192,2,2,10
original.repeat1,shared_recovery_frozen.repeat1,selected,6543,5597,753,20,173,773,773,1359
original.repeat1,shared_recovery_frozen.repeat1,D4,6543,5597,753,20,173,773,773,1359
shared_recovery_frozen.repeat0,shared_recovery_frozen.repeat1,selected,6543,5612,0,5,926,5,5,9
shared_recovery_frozen.repeat0,shared_recovery_frozen.repeat1,D4,6543,5612,0,5,926,5,5,9
original.repeat1,standalone_dynamic.repeat1,selected,6543,6349,1,1,192,2,2,10
original.repeat1,standalone_dynamic.repeat1,D4,6543,6349,1,1,192,2,2,10
standalone_dynamic.repeat0,standalone_dynamic.repeat1,selected,6543,6350,2,0,191,2,2,13
standalone_dynamic.repeat0,standalone_dynamic.repeat1,D4,6543,6350,2,0,191,2,2,13
original.repeat0,original.repeat1,selected,6543,6348,1,2,192,3,3,13
original.repeat0,original.repeat1,D4,6543,6348,1,2,192,3,3,13
original.repeat0,original.repeat2,selected,6543,6349,0,1,193,1,1,7
original.repeat0,original.repeat2,D4,6543,6349,0,1,193,1,1,7
original.repeat2,standalone_dynamic.repeat2,selected,6543,6349,1,2,191,3,3,15
original.repeat2,standalone_dynamic.repeat2,D4,6543,6349,1,2,191,3,3,15
standalone_dynamic.repeat0,standalone_dynamic.repeat2,selected,6543,6350,2,1,190,3,3,12
standalone_dynamic.repeat0,standalone_dynamic.repeat2,D4,6543,6350,2,1,190,3,3,12
original.repeat2,shared_dynamic.repeat2,selected,6543,6349,1,0,193,1,1,10
original.repeat2,shared_dynamic.repeat2,D4,6543,6349,1,0,193,1,1,10
shared_dynamic.repeat0,shared_dynamic.repeat2,selected,6543,6349,2,0,192,2,2,10
shared_dynamic.repeat0,shared_dynamic.repeat2,D4,6543,6349,2,0,192,2,2,10
original.repeat2,shared_recovery_frozen.repeat2,selected,6543,5594,756,20,173,776,776,1363
original.repeat2,shared_recovery_frozen.repeat2,D4,6543,5594,756,20,173,776,776,1363
shared_recovery_frozen.repeat0,shared_recovery_frozen.repeat2,selected,6543,5612,0,2,929,2,2,4
shared_recovery_frozen.repeat0,shared_recovery_frozen.repeat2,D4,6543,5612,0,2,929,2,2,4
