task_id,group,method,repeat,throughput_puzzles_per_second,pipeline_amortized_ms_per_puzzle,peak_process_rss_mib,single_query_p50_ms,single_query_p95_ms,valid_count,exact_count,valid_rate,exact_rate
A05_CPU_all_random1024_B1_rrn,all_random1024_B1,rrn,0,2.7621520078771584,362.0365559709171,549.3671875,358.6172666400671,381.0054765082896,930,930,0.908203125,0.908203125
A05_CPU_all_random1024_B1_rrn,all_random1024_B1,rrn,1,2.78835795782935,358.6340115307394,550.6484375,357.6815761625767,366.1129232496023,930,930,0.908203125,0.908203125
A05_CPU_all_random1024_B1_rrn,all_random1024_B1,rrn,2,2.741953309890903,364.7035113226593,551.0390625,358.2982011139393,393.4449194930493,930,930,0.908203125,0.908203125
A05_CPU_all_random1024_B1_hybrid,all_random1024_B1,hybrid,0,2.02885742449329,492.88825716757856,552.2421875,486.97248846292496,522.3319579847157,959,959,0.9365234375,0.9365234375
A05_CPU_all_random1024_B1_hybrid,all_random1024_B1,hybrid,1,2.032380490845442,492.03385119290033,554.0625,484.14919804781675,519.2095956765114,959,959,0.9365234375,0.9365234375
A05_CPU_all_random1024_B1_hybrid,all_random1024_B1,hybrid,2,2.013858646018126,496.559181041448,555.39453125,482.7211759984493,510.1943667978047,959,959,0.9365234375,0.9365234375
A05_CPU_all_random1024_B1_c5,all_random1024_B1,c5,0,1.6954979693714767,589.7972265756835,643.7578125,481.32720310240984,1255.887760128826,1023,1023,0.9990234375,0.9990234375
A05_CPU_all_random1024_B1_c5,all_random1024_B1,c5,1,1.692012785133168,591.0120826429193,647.68359375,480.96847999840975,1260.5694547295566,1023,1023,0.9990234375,0.9990234375
A05_CPU_all_random1024_B1_c5,all_random1024_B1,c5,2,1.7040835558648617,586.8256850189937,646.00390625,479.2355168610811,1264.165258407592,1023,1023,0.9990234375,0.9990234375
A05_CPU_all_random1024_B32_rrn,all_random1024_B32,rrn,0,2.298491381646868,435.06797892951,875.37890625,,,930,930,0.908203125,0.908203125
A05_CPU_all_random1024_B32_rrn,all_random1024_B32,rrn,1,2.1434085274178716,466.54661825232324,928.59375,,,930,930,0.908203125,0.908203125
A05_CPU_all_random1024_B32_rrn,all_random1024_B32,rrn,2,2.100073785165627,476.17374544825,818.16015625,,,930,930,0.908203125,0.908203125
A05_CPU_all_random1024_B32_hybrid,all_random1024_B32,hybrid,0,1.3318563362546663,750.8317322062794,858.6796875,,,959,959,0.9365234375,0.9365234375
A05_CPU_all_random1024_B32_hybrid,all_random1024_B32,hybrid,1,1.3382629199036211,747.2373217005952,822.5546875,,,959,959,0.9365234375,0.9365234375
A05_CPU_all_random1024_B32_hybrid,all_random1024_B32,hybrid,2,1.339997035121765,746.2703079108906,824.41796875,,,959,959,0.9365234375,0.9365234375
A05_CPU_all_random1024_B32_c5,all_random1024_B32,c5,0,1.2695261280975108,787.6954856365046,966.69140625,,,1023,1023,0.9990234375,0.9990234375
A05_CPU_all_random1024_B32_c5,all_random1024_B32,c5,1,1.203879830743692,830.6476896304957,971.86328125,,,1023,1023,0.9990234375,0.9990234375
A05_CPU_all_random1024_B32_c5,all_random1024_B32,c5,2,1.2196497883420012,819.9074927561014,950.8828125,,,1023,1023,0.9990234375,0.9990234375
A05_CPU_D4_random512_B1_rrn,D4_random512_B1,rrn,0,2.795336660711502,357.7386631295667,550.7265625,357.05701634287834,360.74485909193754,342,342,0.66796875,0.66796875
A05_CPU_D4_random512_B1_rrn,D4_random512_B1,rrn,1,2.7927669753241138,358.0678262223955,553.65234375,357.55683574825525,360.59467382729053,342,342,0.66796875,0.66796875
A05_CPU_D4_random512_B1_rrn,D4_random512_B1,rrn,2,2.791048092929333,358.28834427229594,553.91015625,357.7130399644375,361.0508915036917,342,342,0.66796875,0.66796875
A05_CPU_D4_random512_B1_hybrid,D4_random512_B1,hybrid,0,2.092150719674348,477.9770360692055,550.01953125,476.7046272754669,483.9736952446401,362,362,0.70703125,0.70703125
A05_CPU_D4_random512_B1_hybrid,D4_random512_B1,hybrid,1,2.082495507770021,480.19311267125886,552.07421875,478.2190155237913,490.18219066783786,362,362,0.70703125,0.70703125
A05_CPU_D4_random512_B1_hybrid,D4_random512_B1,hybrid,2,2.089028329192661,478.6914500036801,552.35546875,477.38581895828247,484.8864139057696,362,362,0.70703125,0.70703125
A05_CPU_D4_random512_B1_c5,D4_random512_B1,c5,0,0.9340877079366015,1070.5632795543352,649.73046875,481.0823695734143,3448.078497685492,493,493,0.962890625,0.962890625
A05_CPU_D4_random512_B1_c5,D4_random512_B1,c5,1,0.9374344296529926,1066.7412763687025,662.625,481.28579184412956,3408.222887013107,493,493,0.962890625,0.962890625
A05_CPU_D4_random512_B1_c5,D4_random512_B1,c5,2,0.9433382184490736,1060.0651817585458,653.390625,480.87919503450394,3376.0899325832725,493,493,0.962890625,0.962890625
A05_CPU_D4_random512_B32_rrn,D4_random512_B32,rrn,0,1.5523472708383719,644.1857558456832,903.26953125,,,342,342,0.66796875,0.66796875
A05_CPU_D4_random512_B32_rrn,D4_random512_B32,rrn,1,1.5496895338878782,645.2905424812343,904.84375,,,342,342,0.66796875,0.66796875
A05_CPU_D4_random512_B32_rrn,D4_random512_B32,rrn,2,1.5533813092272588,643.7569411064032,905.2109375,,,342,342,0.66796875,0.66796875
A05_CPU_D4_random512_B32_hybrid,D4_random512_B32,hybrid,0,1.5072991801951174,663.4382962183736,899.37890625,,,362,362,0.70703125,0.70703125
A05_CPU_D4_random512_B32_hybrid,D4_random512_B32,hybrid,1,1.5157896892287124,659.722128410067,859.23828125,,,362,362,0.70703125,0.70703125
A05_CPU_D4_random512_B32_hybrid,D4_random512_B32,hybrid,2,1.5211911180608542,657.3795942713332,859.60546875,,,362,362,0.70703125,0.70703125
A05_CPU_D4_random512_B32_c5,D4_random512_B32,c5,0,0.8569845726462978,1166.8821492457937,1719.35546875,,,493,493,0.962890625,0.962890625
A05_CPU_D4_random512_B32_c5,D4_random512_B32,c5,1,0.8445433021289291,1184.0719090178027,1751.2734375,,,493,493,0.962890625,0.962890625
A05_CPU_D4_random512_B32_c5,D4_random512_B32,c5,2,0.8727919856442364,1145.7483758422313,1813.55859375,,,493,493,0.962890625,0.962890625
