task_id,group,sample,batch_size,method,n,repeats,output_dir,sample_sha256,cpu_affinity,threads,throughput_puzzles_per_second_mean,throughput_puzzles_per_second_sd,pipeline_amortized_ms_per_puzzle_mean,pipeline_amortized_ms_per_puzzle_sd,peak_process_rss_mib_mean,peak_process_rss_mib_sd,single_query_p50_ms_mean,single_query_p50_ms_sd,single_query_p95_ms_mean,single_query_p95_ms_sd,valid_count_mean,valid_count_sd,exact_count_mean,exact_count_sd,valid_rate_mean,valid_rate_sd,exact_rate_mean,exact_rate_sd
A05_CPU_D4_random512_B1_c5,D4_random512_B1,D4_random512,1,c5,512,3,results/A05_CPU_D4_random512_B1_c5,cfd4fce8afe8df2a8b48a757f5400dac35b61c45224372aa0e777ae6455c370b,0,1,0.9382867853462226,0.004683787874805566,1065.789912560528,5.313316681143508,655.2486979166666,6.645040275426799,481.0824521506826,0.20329841739100732,3410.797105760624,36.063254539616594,493.0,0.0,493.0,0.0,0.962890625,0.0,0.962890625,0.0
A05_CPU_D4_random512_B1_hybrid,D4_random512_B1,D4_random512,1,hybrid,512,3,results/A05_CPU_D4_random512_B1_hybrid,cfd4fce8afe8df2a8b48a757f5400dac35b61c45224372aa0e777ae6455c370b,0,1,2.08789151887901,0.004926969910226954,478.95386624804814,1.1311037045838355,551.4830729166666,1.2752415646367097,477.4364872525136,0.7584645006168538,486.3474332727492,3.3522062955587835,362.0,0.0,362.0,0.0,0.70703125,0.0,0.70703125,0.0
A05_CPU_D4_random512_B1_rrn,D4_random512_B1,D4_random512,1,rrn,512,3,results/A05_CPU_D4_random512_B1_rrn,cfd4fce8afe8df2a8b48a757f5400dac35b61c45224372aa0e777ae6455c370b,0,1,2.7930505763216495,0.002158303859496453,358.0316112080861,0.2766242670376324,552.7630208333334,1.7683293609622461,357.442297351857,0.3426821139160919,360.79680814097327,0.23250305339285168,342.0,0.0,342.0,0.0,0.66796875,0.0,0.66796875,0.0
A05_CPU_D4_random512_B32_c5,D4_random512_B32,D4_random512,32,c5,512,3,results/A05_CPU_D4_random512_B32_c5,cfd4fce8afe8df2a8b48a757f5400dac35b61c45224372aa0e777ae6455c370b,0,1,0.8581066201398211,0.01415772838488894,1165.5674780352758,19.19556118113255,1761.3958333333333,47.91037844764346,,,,,493.0,0.0,493.0,0.0,0.962890625,0.0,0.962890625,0.0
A05_CPU_D4_random512_B32_hybrid,D4_random512_B32,D4_random512,32,hybrid,512,3,results/A05_CPU_D4_random512_B32_hybrid,cfd4fce8afe8df2a8b48a757f5400dac35b61c45224372aa0e777ae6455c370b,0,1,1.5147599958282278,0.007002976923467854,660.1800062999246,3.0551933559568876,872.7408854166666,23.069933292119956,,,,,362.0,0.0,362.0,0.0,0.70703125,0.0,0.70703125,0.0
A05_CPU_D4_random512_B32_rrn,D4_random512_B32,D4_random512,32,rrn,512,3,results/A05_CPU_D4_random512_B32_rrn,cfd4fce8afe8df2a8b48a757f5400dac35b61c45224372aa0e777ae6455c370b,0,1,1.551806037984503,0.0019044687029969728,644.4110798111069,0.7912404572989373,904.44140625,1.031346172125447,,,,,342.0,0.0,342.0,0.0,0.66796875,0.0,0.66796875,0.0
A05_CPU_all_random1024_B1_c5,all_random1024_B1,all_random1024,1,c5,1024,3,results/A05_CPU_all_random1024_B1_c5,8f7f35cd7544f5ab85509a0c3b50678654c88dbc731b28861ac6a6fe0f9120e4,0,1,1.6971981034565022,0.006212384280175915,589.2116647458655,2.1537509741860337,645.8151041666666,1.96968887789827,480.5103999873002,1.1185552313026526,1260.2074910886583,4.150603293106149,1023.0,0.0,1023.0,0.0,0.9990234375,0.0,0.9990234375,0.0
A05_CPU_all_random1024_B1_hybrid,all_random1024_B1,all_random1024,1,hybrid,1024,3,results/A05_CPU_all_random1024_B1_hybrid,8f7f35cd7544f5ab85509a0c3b50678654c88dbc731b28861ac6a6fe0f9120e4,0,1,2.0250321871189527,0.009835599355367895,493.827096467309,2.40431216412884,553.8997395833334,1.582462004114521,484.6142875030637,2.1634799672490335,517.2453068196774,6.302706005356496,959.0,0.0,959.0,0.0,0.9365234375,0.0,0.9365234375,0.0
A05_CPU_all_random1024_B1_rrn,all_random1024_B1,all_random1024,1,rrn,1024,3,results/A05_CPU_all_random1024_B1_rrn,8f7f35cd7544f5ab85509a0c3b50678654c88dbc731b28861ac6a6fe0f9120e4,0,1,2.7641544251991372,0.023267038787119623,361.79135960810527,3.0421699284032773,550.3515625,0.8745813730722831,358.199014638861,0.47566546547484756,380.1877730836471,13.684333517966975,930.0,0.0,930.0,0.0,0.908203125,0.0,0.908203125,0.0
A05_CPU_all_random1024_B32_c5,all_random1024_B32,all_random1024,32,c5,1024,3,results/A05_CPU_all_random1024_B32_c5,8f7f35cd7544f5ab85509a0c3b50678654c88dbc731b28861ac6a6fe0f9120e4,0,1,1.231018582394401,0.03426800545291357,812.7502226743673,22.35269208065378,963.1458333333334,10.930385753621954,,,,,1023.0,0.0,1023.0,0.0,0.9990234375,0.0,0.9990234375,0.0
A05_CPU_all_random1024_B32_hybrid,all_random1024_B32,all_random1024,32,hybrid,1024,3,results/A05_CPU_all_random1024_B32_hybrid,8f7f35cd7544f5ab85509a0c3b50678654c88dbc731b28861ac6a6fe0f9120e4,0,1,1.336705430426684,0.004288015230181972,748.1131206059217,2.4035215190568375,835.2174479166666,20.34024259819559,,,,,959.0,0.0,959.0,0.0,0.9365234375,0.0,0.9365234375,0.0
A05_CPU_all_random1024_B32_rrn,all_random1024_B32,all_random1024,32,rrn,1024,3,results/A05_CPU_all_random1024_B32_rrn,8f7f35cd7544f5ab85509a0c3b50678654c88dbc731b28861ac6a6fe0f9120e4,0,1,2.1806578980767886,0.10432172525036305,459.2627808766944,21.499109875975027,874.0442708333334,55.22889276372083,,,,,930.0,0.0,930.0,0.0,0.908203125,0.0,0.908203125,0.0
