experiment,architecture,seed,bucket,n,exact_count,valid_count,exact_pct,valid_pct,source_npz
A07,graph,0,all,300702,269486,269486,89.61895830423475,89.61895830423475,results/A07/graph_seed0/matched_parameters_fixed_exposure_final/final_9354ff97/T64/per_puzzle.npz
A07,graph,0,D4,6543,4309,4309,65.8566406847012,65.8566406847012,results/A07/graph_seed0/matched_parameters_fixed_exposure_final/final_9354ff97/T64/per_puzzle.npz
A07,graph,1,all,300702,269917,269917,89.76228957572614,89.76228957572614,results/A07/graph_seed1/matched_parameters_fixed_exposure_final/final_0f66cbfd/T64/per_puzzle.npz
A07,graph,1,D4,6543,4393,4393,67.14045544857099,67.14045544857099,results/A07/graph_seed1/matched_parameters_fixed_exposure_final/final_0f66cbfd/T64/per_puzzle.npz
A07,graph,2,all,300702,263990,263990,87.791235176354,87.791235176354,results/A07/graph_seed2/matched_parameters_fixed_exposure_final/final_0bd5a9dd/T64/per_puzzle.npz
A07,graph,2,D4,6543,4076,4076,62.29558306587193,62.29558306587193,results/A07/graph_seed2/matched_parameters_fixed_exposure_final/final_0bd5a9dd/T64/per_puzzle.npz
A07,hypergraph,0,all,300702,271734,271734,90.36654229103897,90.36654229103897,results/A07/hypergraph_seed0/matched_parameters_fixed_exposure_final/final_88b94431/T64/per_puzzle.npz
A07,hypergraph,0,D4,6543,3985,3985,60.904783738346325,60.904783738346325,results/A07/hypergraph_seed0/matched_parameters_fixed_exposure_final/final_88b94431/T64/per_puzzle.npz
A07,hypergraph,1,all,300702,0,0,0.0,0.0,results/A07/hypergraph_seed1/matched_parameters_fixed_exposure_final/final_2e160922/T64/per_puzzle.npz
A07,hypergraph,1,D4,6543,0,0,0.0,0.0,results/A07/hypergraph_seed1/matched_parameters_fixed_exposure_final/final_2e160922/T64/per_puzzle.npz
A07,hypergraph,2,all,300702,273702,273702,91.02101083464693,91.02101083464693,results/A07/hypergraph_seed2/matched_parameters_fixed_exposure_final/final_b7c8918b/T64/per_puzzle.npz
A07,hypergraph,2,D4,6543,4050,4050,61.898211829436036,61.898211829436036,results/A07/hypergraph_seed2/matched_parameters_fixed_exposure_final/final_b7c8918b/T64/per_puzzle.npz
A07,joint,0,all,300702,277718,277718,92.35655233420462,92.35655233420462,results/A07/joint_seed0/matched_parameters_fixed_exposure_final/final_0d0391ef/T64/per_puzzle.npz
A07,joint,0,D4,6543,4622,4622,70.64037903102552,70.64037903102552,results/A07/joint_seed0/matched_parameters_fixed_exposure_final/final_0d0391ef/T64/per_puzzle.npz
A07,joint,1,all,300702,273558,273558,90.97312289243172,90.97312289243172,results/A07/joint_seed1/matched_parameters_fixed_exposure_final/final_c468568e/T64/per_puzzle.npz
A07,joint,1,D4,6543,4418,4418,67.52254317591319,67.52254317591319,results/A07/joint_seed1/matched_parameters_fixed_exposure_final/final_c468568e/T64/per_puzzle.npz
A07,joint,2,all,300702,279024,279024,92.7908693656843,92.7908693656843,results/A07/joint_seed2/matched_parameters_fixed_exposure_final/final_e176a7b8/T64/per_puzzle.npz
A07,joint,2,D4,6543,4612,4612,70.48754394008864,70.48754394008864,results/A07/joint_seed2/matched_parameters_fixed_exposure_final/final_e176a7b8/T64/per_puzzle.npz
A08,NeuralSudoku,0,all,300702,299657,299657,99.6524798637854,99.6524798637854,results/A08/seed0/test/details.npz
A08,NeuralSudoku,0,D4,6543,6356,6356,97.14198379948036,97.14198379948036,results/A08/seed0/test/details.npz
A08,NeuralSudoku,1,all,300702,299162,299162,99.4878650624206,99.4878650624206,results/A08/seed1/test/details.npz
A08,NeuralSudoku,1,D4,6543,6279,6279,95.9651535992664,95.9651535992664,results/A08/seed1/test/details.npz
A08,NeuralSudoku,2,all,300702,300083,300083,99.79414835950541,99.79414835950541,results/A08/seed2/test/details.npz
A08,NeuralSudoku,2,D4,6543,6406,6406,97.90615925416476,97.90615925416476,results/A08/seed2/test/details.npz
