ablation,anchor_exact,anchor_valid,first_valid_cycle,final_any_valid,final_any_exact,final_best_residual_mse,final_best_hard_violations,split_position,group,rating,clues
full,1,1,1,1,1,3.4601164156100594e-09,0,46354,anchor_success,4.099999904632568,25
full,1,1,1,1,1,1.6161951776894057e-08,0,155185,anchor_success,4.5,24
full,1,1,1,1,1,8.466479961555251e-09,0,206650,anchor_success,5.199999809265137,23
full,1,1,1,1,1,1.4284060600999737e-09,0,50539,anchor_success,5.300000190734863,25
full,1,1,1,1,1,5.822750726025561e-09,0,52400,anchor_success,5.099999904632568,25
full,1,1,1,1,1,8.526741090975065e-09,0,259018,anchor_success,4.199999809265137,24
full,1,1,1,1,1,8.134589890573807e-09,0,175846,anchor_success,4.400000095367432,23
full,1,1,1,1,1,5.780141698608077e-09,0,174648,anchor_success,4.099999904632568,25
full,1,1,1,1,1,1.6296803906357127e-08,0,234179,anchor_success,4.199999809265137,23
full,1,1,1,1,1,1.7417919551121486e-08,0,175266,anchor_success,4.900000095367432,25
full,1,1,1,1,1,1.4544321302878416e-08,0,215707,anchor_success,4.400000095367432,25
full,1,1,1,1,1,2.6341613335034708e-08,0,108126,anchor_success,4.099999904632568,23
full,1,1,1,1,1,2.354887129740746e-08,0,285365,anchor_success,4.199999809265137,25
full,1,1,1,1,1,6.2066076722544494e-09,0,210903,anchor_success,5.400000095367432,25
full,1,1,1,1,1,2.0211285978177784e-09,0,151189,anchor_success,4.900000095367432,23
full,1,1,1,1,1,9.724485217077472e-09,0,293527,anchor_success,5.099999904632568,26
full,0,0,1,1,1,2.870648385666641e-09,0,44596,c5_early,4.099999904632568,24
full,0,0,1,1,1,7.375552946164987e-10,0,280931,c5_early,4.099999904632568,23
full,0,0,2,1,1,2.0860757565799304e-09,0,209508,c5_early,4.099999904632568,23
full,0,0,2,1,1,1.1068975735994968e-09,0,252867,c5_early,4.599999904632568,24
full,0,0,2,1,1,1.4863652495478163e-06,0,108565,c5_early,4.199999809265137,25
full,0,0,2,1,1,1.7408096075754997e-09,0,175246,c5_early,4.5,24
full,0,0,2,1,1,9.64495261435161e-10,0,8831,c5_early,4.300000190734863,24
full,0,0,2,1,1,1.164061957936724e-09,0,15645,c5_early,4.099999904632568,24
full,0,0,2,1,1,6.745750069647727e-10,0,46573,c5_early,4.300000190734863,24
full,0,0,1,1,1,1.3778489460491983e-09,0,295549,c5_early,4.599999904632568,24
full,0,0,2,1,1,9.150607493957352e-10,0,104339,c5_early,4.400000095367432,23
full,0,0,1,1,1,2.964973155883399e-09,0,198610,c5_early,4.300000190734863,24
full,0,0,1,1,1,5.657775359324546e-10,0,170676,c5_early,4.099999904632568,26
full,0,0,2,1,1,3.345543286847885e-10,0,63709,c5_early,4.400000095367432,24
full,0,0,2,1,1,2.1460846433285496e-09,0,140000,c5_early,4.699999809265137,25
full,0,0,2,1,1,5.815819492660523e-10,0,200903,c5_early,4.800000190734863,23
full,0,0,4,1,1,9.146963741990533e-10,0,227377,c5_late,4.699999809265137,24
full,0,0,3,1,1,1.0759102941904075e-08,0,62345,c5_late,5.199999809265137,23
full,0,0,5,1,1,7.591775670334755e-07,0,199386,c5_late,6.199999809265137,25
full,0,0,5,1,1,0.009333673864603043,0,190603,c5_late,4.599999904632568,24
full,0,0,3,1,1,9.718670312963695e-10,0,251181,c5_late,4.199999809265137,23
full,0,0,5,1,1,2.6324732971261255e-06,0,112818,c5_late,4.5,24
full,0,0,4,1,1,2.242977137356661e-09,0,213392,c5_late,4.5,24
full,0,0,3,1,1,6.5216072542284564e-09,0,16749,c5_late,4.400000095367432,23
full,0,0,4,1,1,6.76728950654848e-10,0,63123,c5_late,4.199999809265137,26
full,0,0,4,1,1,5.388681074691704e-07,0,243314,c5_late,5.599999904632568,21
full,0,0,4,1,1,9.773285292169476e-09,0,178713,c5_late,6.099999904632568,25
full,0,0,3,1,1,7.410746460934092e-10,0,269228,c5_late,4.5,25
full,0,0,4,1,1,2.3494030187976023e-07,0,183996,c5_late,4.5,26
full,0,0,4,1,1,6.3252850850403775e-06,0,26456,c5_late,4.400000095367432,23
full,0,0,3,1,1,6.417411935188966e-09,0,232527,c5_late,4.400000095367432,27
full,0,0,3,1,1,2.4629864814329494e-09,0,51305,c5_late,4.099999904632568,23
full,0,0,-1,0,0,0.00682557700201869,4,193380,c5_failure,4.400000095367432,24
full,0,0,-1,0,0,0.007299264892935753,3,241218,c5_failure,4.699999809265137,26
full,0,0,-1,0,0,0.007255543489009142,3,188389,c5_failure,4.099999904632568,24
full,0,0,-1,0,0,0.007112742867320776,2,76133,c5_failure,4.699999809265137,27
full,0,0,-1,0,0,0.006970240734517574,3,275263,c5_failure,4.800000190734863,24
full,0,0,-1,0,0,0.008207608014345169,3,235647,c5_failure,4.400000095367432,25
full,0,0,-1,0,0,0.010913809761404991,5,140340,c5_failure,4.5,25
full,0,0,-1,0,0,0.02228468656539917,3,202912,c5_failure,4.099999904632568,24
full,0,0,-1,0,0,0.009573055431246758,3,28057,c5_failure,4.400000095367432,25
full,0,0,-1,0,0,0.009755782783031464,4,160608,c5_failure,4.099999904632568,25
full,0,0,-1,0,0,0.012785757891833782,3,153042,c5_failure,4.199999809265137,24
full,0,0,-1,0,0,0.008133754134178162,2,205813,c5_failure,6.099999904632568,25
full,0,0,-1,0,0,0.008029517717659473,4,53655,c5_failure,5.5,26
full,0,0,-1,0,0,0.0063659450970590115,2,99080,c5_failure,4.900000095367432,23
full,0,0,-1,0,0,0.008138363249599934,2,210968,c5_failure,4.300000190734863,26
full,0,0,-1,0,0,0.008515450172126293,2,205784,c5_failure,5.099999904632568,26
zero_residual,1,1,1,1,1,3.038983731329381e-09,0,46354,anchor_success,4.099999904632568,25
zero_residual,1,1,1,1,1,2.165361756567563e-08,0,155185,anchor_success,4.5,24
zero_residual,1,1,1,1,1,1.5302324740673612e-08,0,206650,anchor_success,5.199999809265137,23
zero_residual,1,1,1,1,1,1.4221109845280466e-09,0,50539,anchor_success,5.300000190734863,25
zero_residual,1,1,1,1,1,4.7993169438598215e-09,0,52400,anchor_success,5.099999904632568,25
zero_residual,1,1,1,1,1,8.368835402450259e-09,0,259018,anchor_success,4.199999809265137,24
zero_residual,1,1,1,1,1,1.2778540892099954e-08,0,175846,anchor_success,4.400000095367432,23
zero_residual,1,1,1,1,1,1.2361456747100874e-08,0,174648,anchor_success,4.099999904632568,25
zero_residual,1,1,1,1,1,2.654082109643241e-08,0,234179,anchor_success,4.199999809265137,23
zero_residual,1,1,1,1,1,2.006063226644983e-08,0,175266,anchor_success,4.900000095367432,25
zero_residual,1,1,1,1,1,1.2209152799869116e-08,0,215707,anchor_success,4.400000095367432,25
zero_residual,1,1,1,1,1,3.1977894110468696e-08,0,108126,anchor_success,4.099999904632568,23
zero_residual,1,1,1,1,1,3.2111181269556255e-08,0,285365,anchor_success,4.199999809265137,25
zero_residual,1,1,1,1,1,7.487433784092445e-09,0,210903,anchor_success,5.400000095367432,25
zero_residual,1,1,1,1,1,2.496190365519624e-09,0,151189,anchor_success,4.900000095367432,23
zero_residual,1,1,1,1,1,1.2545956273868342e-08,0,293527,anchor_success,5.099999904632568,26
zero_residual,0,0,1,1,1,2.245965413649742e-09,0,44596,c5_early,4.099999904632568,24
zero_residual,0,0,2,1,1,1.0518385051838663e-09,0,280931,c5_early,4.099999904632568,23
zero_residual,0,0,2,1,1,1.6670104185934065e-09,0,209508,c5_early,4.099999904632568,23
zero_residual,0,0,2,1,1,1.715572794935838e-09,0,252867,c5_early,4.599999904632568,24
zero_residual,0,0,2,1,1,3.735592883913341e-07,0,108565,c5_early,4.199999809265137,25
zero_residual,0,0,2,1,1,1.6970344018929495e-09,0,175246,c5_early,4.5,24
zero_residual,0,0,2,1,1,9.299850889377126e-10,0,8831,c5_early,4.300000190734863,24
zero_residual,0,0,2,1,1,1.6852400586131466e-09,0,15645,c5_early,4.099999904632568,24
zero_residual,0,0,2,1,1,5.781342071742301e-10,0,46573,c5_early,4.300000190734863,24
zero_residual,0,0,1,1,1,8.655551830827335e-10,0,295549,c5_early,4.599999904632568,24
zero_residual,0,0,2,1,1,1.2199067311868816e-09,0,104339,c5_early,4.400000095367432,23
zero_residual,0,0,1,1,1,2.5917517021412095e-09,0,198610,c5_early,4.300000190734863,24
zero_residual,0,0,2,1,1,6.111042782919185e-10,0,170676,c5_early,4.099999904632568,26
zero_residual,0,0,2,1,1,4.84154161206618e-10,0,63709,c5_early,4.400000095367432,24
zero_residual,0,0,2,1,1,2.688607558809508e-09,0,140000,c5_early,4.699999809265137,25
zero_residual,0,0,2,1,1,2.4852822022580767e-09,0,200903,c5_early,4.800000190734863,23
zero_residual,0,0,3,1,1,1.024202611610292e-09,0,227377,c5_late,4.699999809265137,24
zero_residual,0,0,3,1,1,4.478402093610612e-09,0,62345,c5_late,5.199999809265137,23
zero_residual,0,0,4,1,1,8.737421453020033e-09,0,199386,c5_late,6.199999809265137,25
zero_residual,0,0,-1,0,0,0.008821596391499043,7,190603,c5_late,4.599999904632568,24
zero_residual,0,0,4,1,1,5.15805842482564e-10,0,251181,c5_late,4.199999809265137,23
zero_residual,0,0,4,1,1,1.2956805903741042e-06,0,112818,c5_late,4.5,24
zero_residual,0,0,3,1,1,3.441073648247084e-09,0,213392,c5_late,4.5,24
zero_residual,0,0,4,1,1,2.0676148793086213e-08,0,16749,c5_late,4.400000095367432,23
zero_residual,0,0,4,1,1,2.6490243332233376e-09,0,63123,c5_late,4.199999809265137,26
zero_residual,0,0,2,1,1,9.148974022821221e-09,0,243314,c5_late,5.599999904632568,21
zero_residual,0,0,5,1,1,1.7260067863844597e-07,0,178713,c5_late,6.099999904632568,25
zero_residual,0,0,3,1,1,2.6316951395877197e-10,0,269228,c5_late,4.5,25
zero_residual,0,0,3,1,1,3.5819334165410055e-09,0,183996,c5_late,4.5,26
zero_residual,0,0,4,1,1,5.126017299517116e-08,0,26456,c5_late,4.400000095367432,23
zero_residual,0,0,3,1,1,3.3784788300295077e-09,0,232527,c5_late,4.400000095367432,27
zero_residual,0,0,3,1,1,3.825257444134422e-09,0,51305,c5_late,4.099999904632568,23
zero_residual,0,0,-1,0,0,0.007716001011431217,2,193380,c5_failure,4.400000095367432,24
zero_residual,0,0,-1,0,0,0.0069821844808757305,2,241218,c5_failure,4.699999809265137,26
zero_residual,0,0,-1,0,0,0.009460135363042355,4,188389,c5_failure,4.099999904632568,24
zero_residual,0,0,-1,0,0,0.008744809776544571,3,76133,c5_failure,4.699999809265137,27
zero_residual,0,0,-1,0,0,0.008354353718459606,3,275263,c5_failure,4.800000190734863,24
zero_residual,0,0,5,1,1,2.2848679748221912e-07,0,235647,c5_failure,4.400000095367432,25
zero_residual,0,0,-1,0,0,0.007709807250648737,8,140340,c5_failure,4.5,25
zero_residual,0,0,4,1,1,4.388600594040781e-09,0,202912,c5_failure,4.099999904632568,24
zero_residual,0,0,-1,0,0,0.008827044628560543,3,28057,c5_failure,4.400000095367432,25
zero_residual,0,0,-1,0,0,0.008828449063003063,2,160608,c5_failure,4.099999904632568,25
zero_residual,0,0,-1,0,0,0.010524566285312176,3,153042,c5_failure,4.199999809265137,24
zero_residual,0,0,-1,0,0,0.0096138259395957,6,205813,c5_failure,6.099999904632568,25
zero_residual,0,0,-1,0,0,0.00807590689510107,3,53655,c5_failure,5.5,26
zero_residual,0,0,-1,0,0,0.010942443273961544,3,99080,c5_failure,4.900000095367432,23
zero_residual,0,0,-1,0,0,0.010924977250397205,3,210968,c5_failure,4.300000190734863,26
zero_residual,0,0,-1,0,0,0.0063768355175852776,3,205784,c5_failure,5.099999904632568,26
shuffle_unit,1,1,1,1,1,4.623620153410002e-09,0,46354,anchor_success,4.099999904632568,25
shuffle_unit,1,1,1,1,1,1.5909318307194553e-08,0,155185,anchor_success,4.5,24
shuffle_unit,1,1,1,1,1,9.99665594747512e-09,0,206650,anchor_success,5.199999809265137,23
shuffle_unit,1,1,1,1,1,1.3422323252854085e-09,0,50539,anchor_success,5.300000190734863,25
shuffle_unit,1,1,1,1,1,4.4680716904110795e-09,0,52400,anchor_success,5.099999904632568,25
shuffle_unit,1,1,1,1,1,8.690126840349421e-09,0,259018,anchor_success,4.199999809265137,24
shuffle_unit,1,1,1,1,1,5.028593541567261e-09,0,175846,anchor_success,4.400000095367432,23
shuffle_unit,1,1,1,1,1,8.490299130414769e-09,0,174648,anchor_success,4.099999904632568,25
shuffle_unit,1,1,1,1,1,1.671376459455587e-08,0,234179,anchor_success,4.199999809265137,23
shuffle_unit,1,1,1,1,1,1.6911412714648577e-08,0,175266,anchor_success,4.900000095367432,25
shuffle_unit,1,1,1,1,1,1.0715196729904619e-08,0,215707,anchor_success,4.400000095367432,25
shuffle_unit,1,1,1,1,1,3.290534422717428e-08,0,108126,anchor_success,4.099999904632568,23
shuffle_unit,1,1,1,1,1,2.755998984582675e-08,0,285365,anchor_success,4.199999809265137,25
shuffle_unit,1,1,1,1,1,6.589770951137552e-09,0,210903,anchor_success,5.400000095367432,25
shuffle_unit,1,1,1,1,1,1.9708685794483927e-09,0,151189,anchor_success,4.900000095367432,23
shuffle_unit,1,1,1,1,1,1.1236460650820845e-08,0,293527,anchor_success,5.099999904632568,26
shuffle_unit,0,0,1,1,1,3.0825100250098103e-09,0,44596,c5_early,4.099999904632568,24
shuffle_unit,0,0,2,1,1,7.369844179372365e-10,0,280931,c5_early,4.099999904632568,23
shuffle_unit,0,0,2,1,1,1.3316296954002382e-09,0,209508,c5_early,4.099999904632568,23
shuffle_unit,0,0,2,1,1,1.6214314335627478e-09,0,252867,c5_early,4.599999904632568,24
shuffle_unit,0,0,2,1,1,8.00319277516337e-09,0,108565,c5_early,4.199999809265137,25
shuffle_unit,0,0,2,1,1,4.33099689445271e-09,0,175246,c5_early,4.5,24
shuffle_unit,0,0,2,1,1,2.826120004684185e-09,0,8831,c5_early,4.300000190734863,24
shuffle_unit,0,0,2,1,1,1.6117153167627407e-09,0,15645,c5_early,4.099999904632568,24
shuffle_unit,0,0,2,1,1,4.0513017940391194e-10,0,46573,c5_early,4.300000190734863,24
shuffle_unit,0,0,1,1,1,1.2817626959815698e-09,0,295549,c5_early,4.599999904632568,24
shuffle_unit,0,0,2,1,1,2.210894134435648e-09,0,104339,c5_early,4.400000095367432,23
shuffle_unit,0,0,1,1,1,2.7992703710566502e-09,0,198610,c5_early,4.300000190734863,24
shuffle_unit,0,0,1,1,1,4.973402245589398e-10,0,170676,c5_early,4.099999904632568,26
shuffle_unit,0,0,2,1,1,4.5530026970830306e-10,0,63709,c5_early,4.400000095367432,24
shuffle_unit,0,0,2,1,1,2.971335399948316e-09,0,140000,c5_early,4.699999809265137,25
shuffle_unit,0,0,2,1,1,1.0548484308259276e-09,0,200903,c5_early,4.800000190734863,23
shuffle_unit,0,0,3,1,1,6.715423772618578e-10,0,227377,c5_late,4.699999809265137,24
shuffle_unit,0,0,4,1,1,2.224898310032586e-08,0,62345,c5_late,5.199999809265137,23
shuffle_unit,0,0,4,1,1,2.860376291380362e-08,0,199386,c5_late,6.199999809265137,25
shuffle_unit,0,0,-1,0,0,0.010102355852723122,7,190603,c5_late,4.599999904632568,24
shuffle_unit,0,0,3,1,1,1.0790872639887539e-09,0,251181,c5_late,4.199999809265137,23
shuffle_unit,0,0,4,1,1,1.8744295005035383e-07,0,112818,c5_late,4.5,24
shuffle_unit,0,0,3,1,1,3.660263647731199e-09,0,213392,c5_late,4.5,24
shuffle_unit,0,0,-1,0,0,0.006446345709264278,5,16749,c5_late,4.400000095367432,23
shuffle_unit,0,0,4,1,1,1.646625613638264e-09,0,63123,c5_late,4.199999809265137,26
shuffle_unit,0,0,4,1,1,2.6924982243770046e-09,0,243314,c5_late,5.599999904632568,21
shuffle_unit,0,0,4,1,1,3.580463214802876e-08,0,178713,c5_late,6.099999904632568,25
shuffle_unit,0,0,3,1,1,5.417064574686492e-10,0,269228,c5_late,4.5,25
shuffle_unit,0,0,3,1,1,2.6088209370556115e-09,0,183996,c5_late,4.5,26
shuffle_unit,0,0,5,1,1,2.8673863283756873e-08,0,26456,c5_late,4.400000095367432,23
shuffle_unit,0,0,4,1,1,5.613836062678956e-09,0,232527,c5_late,4.400000095367432,27
shuffle_unit,0,0,3,1,1,3.5765510553176227e-09,0,51305,c5_late,4.099999904632568,23
shuffle_unit,0,0,-1,0,0,0.007525844033807516,2,193380,c5_failure,4.400000095367432,24
shuffle_unit,0,0,-1,0,0,0.0075148288160562515,4,241218,c5_failure,4.699999809265137,26
shuffle_unit,0,0,-1,0,0,0.008235104382038116,4,188389,c5_failure,4.099999904632568,24
shuffle_unit,0,0,4,1,1,1.4012294435872263e-08,0,76133,c5_failure,4.699999809265137,27
shuffle_unit,0,0,-1,0,0,0.005672315135598183,5,275263,c5_failure,4.800000190734863,24
shuffle_unit,0,0,5,1,1,0.0023577059619128704,0,235647,c5_failure,4.400000095367432,25
shuffle_unit,0,0,-1,0,0,0.011564531363546848,4,140340,c5_failure,4.5,25
shuffle_unit,0,0,2,1,1,1.1682195655282612e-08,0,202912,c5_failure,4.099999904632568,24
shuffle_unit,0,0,-1,0,0,0.011042310856282711,3,28057,c5_failure,4.400000095367432,25
shuffle_unit,0,0,-1,0,0,0.008356980979442596,2,160608,c5_failure,4.099999904632568,25
shuffle_unit,0,0,-1,0,0,0.0110561428591609,5,153042,c5_failure,4.199999809265137,24
shuffle_unit,0,0,-1,0,0,0.007187392096966505,2,205813,c5_failure,6.099999904632568,25
shuffle_unit,0,0,-1,0,0,0.004372496623545885,2,53655,c5_failure,5.5,26
shuffle_unit,0,0,-1,0,0,0.005278721451759338,4,99080,c5_failure,4.900000095367432,23
shuffle_unit,0,0,-1,0,0,0.010132973082363605,3,210968,c5_failure,4.300000190734863,26
shuffle_unit,0,0,-1,0,0,0.007313733920454979,5,205784,c5_failure,5.099999904632568,26
shuffle_digit,1,1,1,1,1,2.8538296170665944e-09,0,46354,anchor_success,4.099999904632568,25
shuffle_digit,1,1,1,1,1,1.766211177312016e-08,0,155185,anchor_success,4.5,24
shuffle_digit,1,1,1,1,1,2.0958379920443804e-08,0,206650,anchor_success,5.199999809265137,23
shuffle_digit,1,1,1,1,1,1.2563889928429717e-09,0,50539,anchor_success,5.300000190734863,25
shuffle_digit,1,1,1,1,1,4.303752909606828e-09,0,52400,anchor_success,5.099999904632568,25
shuffle_digit,1,1,1,1,1,8.000657913953546e-09,0,259018,anchor_success,4.199999809265137,24
shuffle_digit,1,1,1,1,1,1.2745537070202317e-08,0,175846,anchor_success,4.400000095367432,23
shuffle_digit,1,1,1,1,1,1.1854100812058732e-08,0,174648,anchor_success,4.099999904632568,25
shuffle_digit,1,1,1,1,1,2.1700616414932483e-08,0,234179,anchor_success,4.199999809265137,23
shuffle_digit,1,1,1,1,1,2.1836175534417634e-08,0,175266,anchor_success,4.900000095367432,25
shuffle_digit,1,1,1,1,1,2.128647658139471e-08,0,215707,anchor_success,4.400000095367432,25
shuffle_digit,1,1,1,1,1,3.4039270957464396e-08,0,108126,anchor_success,4.099999904632568,23
shuffle_digit,1,1,1,1,1,3.003758308750548e-08,0,285365,anchor_success,4.199999809265137,25
shuffle_digit,1,1,1,1,1,5.542597047991649e-09,0,210903,anchor_success,5.400000095367432,25
shuffle_digit,1,1,1,1,1,2.1599968480501275e-09,0,151189,anchor_success,4.900000095367432,23
shuffle_digit,1,1,1,1,1,1.0068929690021378e-08,0,293527,anchor_success,5.099999904632568,26
shuffle_digit,0,0,1,1,1,1.895050560918321e-09,0,44596,c5_early,4.099999904632568,24
shuffle_digit,0,0,2,1,1,6.917658890159828e-09,0,280931,c5_early,4.099999904632568,23
shuffle_digit,0,0,2,1,1,1.3838794554743572e-09,0,209508,c5_early,4.099999904632568,23
shuffle_digit,0,0,2,1,1,1.337958077662904e-09,0,252867,c5_early,4.599999904632568,24
shuffle_digit,0,0,2,1,1,5.323362302078749e-07,0,108565,c5_early,4.199999809265137,25
shuffle_digit,0,0,2,1,1,2.1503321345761606e-09,0,175246,c5_early,4.5,24
shuffle_digit,0,0,2,1,1,3.957258076781045e-09,0,8831,c5_early,4.300000190734863,24
shuffle_digit,0,0,2,1,1,1.3471302962031473e-09,0,15645,c5_early,4.099999904632568,24
shuffle_digit,0,0,2,1,1,7.188754591602731e-10,0,46573,c5_early,4.300000190734863,24
shuffle_digit,0,0,1,1,1,2.0061921013336814e-09,0,295549,c5_early,4.599999904632568,24
shuffle_digit,0,0,1,1,1,1.0620233581448701e-09,0,104339,c5_early,4.400000095367432,23
shuffle_digit,0,0,1,1,1,1.4736468711973316e-09,0,198610,c5_early,4.300000190734863,24
shuffle_digit,0,0,2,1,1,4.3968517715597955e-10,0,170676,c5_early,4.099999904632568,26
shuffle_digit,0,0,2,1,1,4.890560734160943e-10,0,63709,c5_early,4.400000095367432,24
shuffle_digit,0,0,2,1,1,2.3126576209619998e-09,0,140000,c5_early,4.699999809265137,25
shuffle_digit,0,0,2,1,1,1.0463471200594654e-09,0,200903,c5_early,4.800000190734863,23
shuffle_digit,0,0,4,1,1,5.941178660151536e-10,0,227377,c5_late,4.699999809265137,24
shuffle_digit,0,0,4,1,1,1.3076769000974764e-08,0,62345,c5_late,5.199999809265137,23
shuffle_digit,0,0,5,1,1,0.00028543014195747674,0,199386,c5_late,6.199999809265137,25
shuffle_digit,0,0,-1,0,0,0.00923206377774477,3,190603,c5_late,4.599999904632568,24
shuffle_digit,0,0,4,1,1,1.2682037642264277e-09,0,251181,c5_late,4.199999809265137,23
shuffle_digit,0,0,4,1,1,3.8248273881436035e-07,0,112818,c5_late,4.5,24
shuffle_digit,0,0,5,1,1,1.714366817395785e-07,0,213392,c5_late,4.5,24
shuffle_digit,0,0,-1,0,0,0.009345444850623608,4,16749,c5_late,4.400000095367432,23
shuffle_digit,0,0,3,1,1,7.672940061098643e-10,0,63123,c5_late,4.199999809265137,26
shuffle_digit,0,0,4,1,1,7.19565207418782e-08,0,243314,c5_late,5.599999904632568,21
shuffle_digit,0,0,5,1,1,2.956604134851659e-07,0,178713,c5_late,6.099999904632568,25
shuffle_digit,0,0,2,1,1,7.746917551898491e-10,0,269228,c5_late,4.5,25
shuffle_digit,0,0,3,1,1,9.653948751520147e-09,0,183996,c5_late,4.5,26
shuffle_digit,0,0,4,1,1,3.14558633363049e-07,0,26456,c5_late,4.400000095367432,23
shuffle_digit,0,0,4,1,1,2.0541522189887473e-06,0,232527,c5_late,4.400000095367432,27
shuffle_digit,0,0,2,1,1,1.8067191076553968e-09,0,51305,c5_late,4.099999904632568,23
shuffle_digit,0,0,-1,0,0,0.006982713472098112,2,193380,c5_failure,4.400000095367432,24
shuffle_digit,0,0,-1,0,0,0.011081728152930737,4,241218,c5_failure,4.699999809265137,26
shuffle_digit,0,0,-1,0,0,0.010249185375869274,5,188389,c5_failure,4.099999904632568,24
shuffle_digit,0,0,-1,0,0,0.009904267266392708,3,76133,c5_failure,4.699999809265137,27
shuffle_digit,0,0,-1,0,0,0.00841535720974207,5,275263,c5_failure,4.800000190734863,24
shuffle_digit,0,0,5,1,1,1.086472593669896e-06,0,235647,c5_failure,4.400000095367432,25
shuffle_digit,0,0,-1,0,0,0.008173353970050812,2,140340,c5_failure,4.5,25
shuffle_digit,0,0,-1,0,0,0.012704080902040005,3,202912,c5_failure,4.099999904632568,24
shuffle_digit,0,0,-1,0,0,0.0071256267838180065,2,28057,c5_failure,4.400000095367432,25
shuffle_digit,0,0,-1,0,0,0.008892870508134365,3,160608,c5_failure,4.099999904632568,25
shuffle_digit,0,0,-1,0,0,0.012583787553012371,3,153042,c5_failure,4.199999809265137,24
shuffle_digit,0,0,5,1,1,4.071122816640127e-08,0,205813,c5_failure,6.099999904632568,25
shuffle_digit,0,0,-1,0,0,0.006202989257872105,2,53655,c5_failure,5.5,26
shuffle_digit,0,0,-1,0,0,0.011874047107994556,3,99080,c5_failure,4.900000095367432,23
shuffle_digit,0,0,-1,0,0,0.01074161659926176,3,210968,c5_failure,4.300000190734863,26
shuffle_digit,0,0,5,1,1,2.2865244318381883e-05,0,205784,c5_failure,5.099999904632568,26
sign_flip,1,1,1,1,1,5.4065401045022554e-09,0,46354,anchor_success,4.099999904632568,25
sign_flip,1,1,1,1,1,2.10276933643172e-08,0,155185,anchor_success,4.5,24
sign_flip,1,1,1,1,1,4.027049982369135e-08,0,206650,anchor_success,5.199999809265137,23
sign_flip,1,1,1,1,1,1.6217736042989372e-09,0,50539,anchor_success,5.300000190734863,25
sign_flip,1,1,1,1,1,3.6240277445642732e-09,0,52400,anchor_success,5.099999904632568,25
sign_flip,1,1,1,1,1,8.190792044615591e-09,0,259018,anchor_success,4.199999809265137,24
sign_flip,1,1,1,1,1,2.59967585236609e-08,0,175846,anchor_success,4.400000095367432,23
sign_flip,1,1,1,1,1,1.4636091449915511e-08,0,174648,anchor_success,4.099999904632568,25
sign_flip,1,1,1,1,1,3.082034893964192e-08,0,234179,anchor_success,4.199999809265137,23
sign_flip,1,1,1,1,1,2.2020513412712717e-08,0,175266,anchor_success,4.900000095367432,25
sign_flip,1,1,1,1,1,2.598230608441554e-08,0,215707,anchor_success,4.400000095367432,25
sign_flip,1,1,1,1,1,3.8849965022791366e-08,0,108126,anchor_success,4.099999904632568,23
sign_flip,1,1,1,1,1,3.7301756350416326e-08,0,285365,anchor_success,4.199999809265137,25
sign_flip,1,1,1,1,1,9.47934086781288e-09,0,210903,anchor_success,5.400000095367432,25
sign_flip,1,1,1,1,1,2.174031621393624e-09,0,151189,anchor_success,4.900000095367432,23
sign_flip,1,1,1,1,1,1.4824979466254717e-08,0,293527,anchor_success,5.099999904632568,26
sign_flip,0,0,1,1,1,1.2658782910790478e-09,0,44596,c5_early,4.099999904632568,24
sign_flip,0,0,2,1,1,3.0149212015828653e-09,0,280931,c5_early,4.099999904632568,23
sign_flip,0,0,2,1,1,2.0280772616843024e-09,0,209508,c5_early,4.099999904632568,23
sign_flip,0,0,3,1,1,3.194488895630343e-09,0,252867,c5_early,4.599999904632568,24
sign_flip,0,0,2,1,1,8.484179581103035e-09,0,108565,c5_early,4.199999809265137,25
sign_flip,0,0,2,1,1,1.8272384716411239e-09,0,175246,c5_early,4.5,24
sign_flip,0,0,2,1,1,2.6090665183886586e-09,0,8831,c5_early,4.300000190734863,24
sign_flip,0,0,2,1,1,1.7622117098881063e-09,0,15645,c5_early,4.099999904632568,24
sign_flip,0,0,2,1,1,8.943786267145981e-10,0,46573,c5_early,4.300000190734863,24
sign_flip,0,0,1,1,1,1.3846122026706098e-09,0,295549,c5_early,4.599999904632568,24
sign_flip,0,0,2,1,1,1.000251659277751e-09,0,104339,c5_early,4.400000095367432,23
sign_flip,0,0,1,1,1,1.73981640205767e-09,0,198610,c5_early,4.300000190734863,24
sign_flip,0,0,2,1,1,1.132659188662899e-09,0,170676,c5_early,4.099999904632568,26
sign_flip,0,0,2,1,1,2.834581180888307e-10,0,63709,c5_early,4.400000095367432,24
sign_flip,0,0,2,1,1,1.6370920175035053e-09,0,140000,c5_early,4.699999809265137,25
sign_flip,0,0,2,1,1,2.407178456564907e-09,0,200903,c5_early,4.800000190734863,23
sign_flip,0,0,4,1,1,2.114326935753752e-09,0,227377,c5_late,4.699999809265137,24
sign_flip,0,0,3,1,1,4.637746631175332e-09,0,62345,c5_late,5.199999809265137,23
sign_flip,0,0,5,1,1,6.1413766161422245e-06,0,199386,c5_late,6.199999809265137,25
sign_flip,0,0,-1,0,0,0.008189145475625992,3,190603,c5_late,4.599999904632568,24
sign_flip,0,0,4,1,1,2.677506882875491e-09,0,251181,c5_late,4.199999809265137,23
sign_flip,0,0,4,1,1,7.033544591195096e-08,0,112818,c5_late,4.5,24
sign_flip,0,0,3,1,1,5.619221088437598e-09,0,213392,c5_late,4.5,24
sign_flip,0,0,-1,0,0,0.00826104637235403,4,16749,c5_late,4.400000095367432,23
sign_flip,0,0,3,1,1,1.6664304380853423e-09,0,63123,c5_late,4.199999809265137,26
sign_flip,0,0,2,1,1,2.0638684095075632e-09,0,243314,c5_late,5.599999904632568,21
sign_flip,0,0,5,1,1,1.9637010950646072e-07,0,178713,c5_late,6.099999904632568,25
sign_flip,0,0,2,1,1,7.964452986009007e-10,0,269228,c5_late,4.5,25
sign_flip,0,0,3,1,1,3.4221281364210654e-09,0,183996,c5_late,4.5,26
sign_flip,0,0,5,1,1,3.2125080906553194e-06,0,26456,c5_late,4.400000095367432,23
sign_flip,0,0,4,1,1,2.411468926766247e-07,0,232527,c5_late,4.400000095367432,27
sign_flip,0,0,3,1,1,6.6547678478912076e-09,0,51305,c5_late,4.099999904632568,23
sign_flip,0,0,-1,0,0,0.010011033155024052,2,193380,c5_failure,4.400000095367432,24
sign_flip,0,0,-1,0,0,0.007073765154927969,2,241218,c5_failure,4.699999809265137,26
sign_flip,0,0,-1,0,0,0.013261695392429829,3,188389,c5_failure,4.099999904632568,24
sign_flip,0,0,3,1,1,4.604276515607353e-09,0,76133,c5_failure,4.699999809265137,27
sign_flip,0,0,3,1,1,7.554187675395951e-08,0,275263,c5_failure,4.800000190734863,24
sign_flip,0,0,2,1,1,3.0286342322938253e-09,0,235647,c5_failure,4.400000095367432,25
sign_flip,0,0,-1,0,0,0.009032382629811764,2,140340,c5_failure,4.5,25
sign_flip,0,0,-1,0,0,0.01710480824112892,3,202912,c5_failure,4.099999904632568,24
sign_flip,0,0,-1,0,0,0.01284806802868843,3,28057,c5_failure,4.400000095367432,25
sign_flip,0,0,-1,0,0,0.007179908454418182,3,160608,c5_failure,4.099999904632568,25
sign_flip,0,0,-1,0,0,0.012384641915559769,3,153042,c5_failure,4.199999809265137,24
sign_flip,0,0,-1,0,0,0.00990273430943489,3,205813,c5_failure,6.099999904632568,25
sign_flip,0,0,-1,0,0,0.006424583029001951,2,53655,c5_failure,5.5,26
sign_flip,0,0,-1,0,0,0.008965841494500637,3,99080,c5_failure,4.900000095367432,23
sign_flip,0,0,-1,0,0,0.008412820287048817,2,210968,c5_failure,4.300000190734863,26
sign_flip,0,0,4,1,1,3.937277170962261e-08,0,205784,c5_failure,5.099999904632568,26
stale_residual,1,1,1,1,1,2.978100432926567e-09,0,46354,anchor_success,4.099999904632568,25
stale_residual,1,1,1,1,1,2.1769453795172922e-08,0,155185,anchor_success,4.5,24
stale_residual,1,1,1,1,1,1.0580273546167973e-08,0,206650,anchor_success,5.199999809265137,23
stale_residual,1,1,1,1,1,1.454888542973265e-09,0,50539,anchor_success,5.300000190734863,25
stale_residual,1,1,1,1,1,4.719685975373977e-09,0,52400,anchor_success,5.099999904632568,25
stale_residual,1,1,1,1,1,8.355151237537939e-09,0,259018,anchor_success,4.199999809265137,24
stale_residual,1,1,1,1,1,1.2600588128464096e-08,0,175846,anchor_success,4.400000095367432,23
stale_residual,1,1,1,1,1,1.249294445671012e-08,0,174648,anchor_success,4.099999904632568,25
stale_residual,1,1,1,1,1,2.6462851465680615e-08,0,234179,anchor_success,4.199999809265137,23
stale_residual,1,1,1,1,1,1.978032138083563e-08,0,175266,anchor_success,4.900000095367432,25
stale_residual,1,1,1,1,1,1.1318117998371235e-08,0,215707,anchor_success,4.400000095367432,25
stale_residual,1,1,1,1,1,3.1359377317130566e-08,0,108126,anchor_success,4.099999904632568,23
stale_residual,1,1,1,1,1,3.2037192454481556e-08,0,285365,anchor_success,4.199999809265137,25
stale_residual,1,1,1,1,1,6.903255744816761e-09,0,210903,anchor_success,5.400000095367432,25
stale_residual,1,1,1,1,1,1.975076324711722e-09,0,151189,anchor_success,4.900000095367432,23
stale_residual,1,1,1,1,1,9.397044919978725e-09,0,293527,anchor_success,5.099999904632568,26
stale_residual,0,0,1,1,1,3.168056927904672e-09,0,44596,c5_early,4.099999904632568,24
stale_residual,0,0,1,1,1,7.5912487407237e-10,0,280931,c5_early,4.099999904632568,23
stale_residual,0,0,2,1,1,1.8420593939083574e-09,0,209508,c5_early,4.099999904632568,23
stale_residual,0,0,2,1,1,1.807044180957007e-09,0,252867,c5_early,4.599999904632568,24
stale_residual,0,0,2,1,1,1.3480987490765983e-06,0,108565,c5_early,4.199999809265137,25
stale_residual,0,0,2,1,1,3.629007538918927e-09,0,175246,c5_early,4.5,24
stale_residual,0,0,2,1,1,7.849161320905296e-10,0,8831,c5_early,4.300000190734863,24
stale_residual,0,0,2,1,1,1.2963846662827905e-09,0,15645,c5_early,4.099999904632568,24
stale_residual,0,0,2,1,1,7.770469268031377e-10,0,46573,c5_early,4.300000190734863,24
stale_residual,0,0,1,1,1,1.2708386565307705e-09,0,295549,c5_early,4.599999904632568,24
stale_residual,0,0,2,1,1,1.4836524231398585e-09,0,104339,c5_early,4.400000095367432,23
stale_residual,0,0,1,1,1,3.5772425022173593e-09,0,198610,c5_early,4.300000190734863,24
stale_residual,0,0,1,1,1,7.200651741534614e-10,0,170676,c5_early,4.099999904632568,26
stale_residual,0,0,2,1,1,3.5247690877149296e-10,0,63709,c5_early,4.400000095367432,24
stale_residual,0,0,3,1,1,1.6987531381573717e-09,0,140000,c5_early,4.699999809265137,25
stale_residual,0,0,2,1,1,1.5846424172849538e-09,0,200903,c5_early,4.800000190734863,23
stale_residual,0,0,3,1,1,9.199673245419149e-10,0,227377,c5_late,4.699999809265137,24
stale_residual,0,0,3,1,1,1.938275318025262e-08,0,62345,c5_late,5.199999809265137,23
stale_residual,0,0,4,1,1,2.418299516193656e-07,0,199386,c5_late,6.199999809265137,25
stale_residual,0,0,-1,0,0,0.011720174923539162,2,190603,c5_late,4.599999904632568,24
stale_residual,0,0,4,1,1,1.1965683999193288e-09,0,251181,c5_late,4.199999809265137,23
stale_residual,0,0,-1,0,0,0.006709511391818523,6,112818,c5_late,4.5,24
stale_residual,0,0,4,1,1,2.7213018505278797e-09,0,213392,c5_late,4.5,24
stale_residual,0,0,3,1,1,1.3771989770816617e-08,0,16749,c5_late,4.400000095367432,23
stale_residual,0,0,4,1,1,2.1866710664397715e-09,0,63123,c5_late,4.199999809265137,26
stale_residual,0,0,5,1,1,0.0030058734118938446,0,243314,c5_late,5.599999904632568,21
stale_residual,0,0,4,1,1,2.7369878807803616e-07,0,178713,c5_late,6.099999904632568,25
stale_residual,0,0,3,1,1,9.04701036308353e-10,0,269228,c5_late,4.5,25
stale_residual,0,0,3,1,1,1.3345983873591649e-08,0,183996,c5_late,4.5,26
stale_residual,0,0,4,1,1,1.7773443687474355e-05,0,26456,c5_late,4.400000095367432,23
stale_residual,0,0,3,1,1,1.821360173792641e-09,0,232527,c5_late,4.400000095367432,27
stale_residual,0,0,3,1,1,3.7244456407847792e-09,0,51305,c5_late,4.099999904632568,23
stale_residual,0,0,-1,0,0,0.009272133000195026,2,193380,c5_failure,4.400000095367432,24
stale_residual,0,0,-1,0,0,0.009672547690570354,9,241218,c5_failure,4.699999809265137,26
stale_residual,0,0,-1,0,0,0.009226106107234955,3,188389,c5_failure,4.099999904632568,24
stale_residual,0,0,-1,0,0,0.007195924408733845,2,76133,c5_failure,4.699999809265137,27
stale_residual,0,0,-1,0,0,0.008717099204659462,8,275263,c5_failure,4.800000190734863,24
stale_residual,0,0,-1,0,0,0.00779179809615016,2,235647,c5_failure,4.400000095367432,25
stale_residual,0,0,-1,0,0,0.008860548958182335,3,140340,c5_failure,4.5,25
stale_residual,0,0,-1,0,0,0.011652256362140179,2,202912,c5_failure,4.099999904632568,24
stale_residual,0,0,-1,0,0,0.009177174419164658,2,28057,c5_failure,4.400000095367432,25
stale_residual,0,0,-1,0,0,0.006219703704118729,2,160608,c5_failure,4.099999904632568,25
stale_residual,0,0,-1,0,0,0.010476231575012207,3,153042,c5_failure,4.199999809265137,24
stale_residual,0,0,4,1,1,3.2899592383728304e-07,0,205813,c5_failure,6.099999904632568,25
stale_residual,0,0,-1,0,0,0.007401532027870417,3,53655,c5_failure,5.5,26
stale_residual,0,0,-1,0,0,0.007079561240971088,3,99080,c5_failure,4.900000095367432,23
stale_residual,0,0,-1,0,0,0.00864413008093834,4,210968,c5_failure,4.300000190734863,26
stale_residual,0,0,-1,0,0,0.009442595764994621,5,205784,c5_failure,5.099999904632568,26
no_hard,1,1,1,1,1,3.479861732103018e-09,0,46354,anchor_success,4.099999904632568,25
no_hard,1,1,1,1,1,1.6167293281910133e-08,0,155185,anchor_success,4.5,24
no_hard,1,1,1,1,1,8.468838963437975e-09,0,206650,anchor_success,5.199999809265137,23
no_hard,1,1,1,1,1,1.5233085903787469e-09,0,50539,anchor_success,5.300000190734863,25
no_hard,1,1,1,1,1,6.0913332156076194e-09,0,52400,anchor_success,5.099999904632568,25
no_hard,1,1,1,1,1,8.526741090975065e-09,0,259018,anchor_success,4.199999809265137,24
no_hard,1,1,1,1,1,8.120419892065911e-09,0,175846,anchor_success,4.400000095367432,23
no_hard,1,1,1,1,1,5.773837852274255e-09,0,174648,anchor_success,4.099999904632568,25
no_hard,1,1,1,1,1,1.630138157793226e-08,0,234179,anchor_success,4.199999809265137,23
no_hard,1,1,1,1,1,1.7497512772024493e-08,0,175266,anchor_success,4.900000095367432,25
no_hard,1,1,1,1,1,1.4602209219560791e-08,0,215707,anchor_success,4.400000095367432,25
no_hard,1,1,1,1,1,2.6278591747086466e-08,0,108126,anchor_success,4.099999904632568,23
no_hard,1,1,1,1,1,2.354860484388155e-08,0,285365,anchor_success,4.199999809265137,25
no_hard,1,1,1,1,1,6.21190698879559e-09,0,210903,anchor_success,5.400000095367432,25
no_hard,1,1,1,1,1,2.039270530218573e-09,0,151189,anchor_success,4.900000095367432,23
no_hard,1,1,1,1,1,9.76485914350178e-09,0,293527,anchor_success,5.099999904632568,26
no_hard,0,0,1,1,1,2.7409445824133627e-09,0,44596,c5_early,4.099999904632568,24
no_hard,0,0,1,1,1,6.955787612561437e-10,0,280931,c5_early,4.099999904632568,23
no_hard,0,0,2,1,1,2.240992946767051e-09,0,209508,c5_early,4.099999904632568,23
no_hard,0,0,2,1,1,1.132814730908649e-09,0,252867,c5_early,4.599999904632568,24
no_hard,0,0,2,1,1,1.3946040553491912e-06,0,108565,c5_early,4.199999809265137,25
no_hard,0,0,2,1,1,1.9347965451999016e-09,0,175246,c5_early,4.5,24
no_hard,0,0,2,1,1,1.2181105013553406e-09,0,8831,c5_early,4.300000190734863,24
no_hard,0,0,2,1,1,1.1692887769143567e-09,0,15645,c5_early,4.099999904632568,24
no_hard,0,0,2,1,1,6.79311551454731e-10,0,46573,c5_early,4.300000190734863,24
no_hard,0,0,1,1,1,1.3889250860543711e-09,0,295549,c5_early,4.599999904632568,24
no_hard,0,0,2,1,1,1.380484282442751e-09,0,104339,c5_early,4.400000095367432,23
no_hard,0,0,1,1,1,3.0485840518679197e-09,0,198610,c5_early,4.300000190734863,24
no_hard,0,0,1,1,1,5.73836977935116e-10,0,170676,c5_early,4.099999904632568,26
no_hard,0,0,2,1,1,3.588956631883633e-10,0,63709,c5_early,4.400000095367432,24
no_hard,0,0,2,1,1,2.014214128820413e-09,0,140000,c5_early,4.699999809265137,25
no_hard,0,0,2,1,1,6.46484143995707e-10,0,200903,c5_early,4.800000190734863,23
no_hard,0,0,4,1,1,8.541253815330663e-10,0,227377,c5_late,4.699999809265137,24
no_hard,0,0,3,1,1,8.884828872623984e-09,0,62345,c5_late,5.199999809265137,23
no_hard,0,0,5,1,1,5.613960070149915e-07,0,199386,c5_late,6.199999809265137,25
no_hard,0,0,5,1,1,0.009068184532225132,0,190603,c5_late,4.599999904632568,24
no_hard,0,0,3,1,1,9.018778501790337e-10,0,251181,c5_late,4.199999809265137,23
no_hard,0,0,5,1,1,0.002521132817491889,0,112818,c5_late,4.5,24
no_hard,0,0,4,1,1,2.5108248813410228e-09,0,213392,c5_late,4.5,24
no_hard,0,0,3,1,1,8.289179120879453e-09,0,16749,c5_late,4.400000095367432,23
no_hard,0,0,4,1,1,4.683421983564529e-10,0,63123,c5_late,4.199999809265137,26
no_hard,0,0,4,1,1,9.041532393894158e-06,0,243314,c5_late,5.599999904632568,21
no_hard,0,0,4,1,1,8.358645331441039e-09,0,178713,c5_late,6.099999904632568,25
no_hard,0,0,3,1,1,6.046971257056555e-10,0,269228,c5_late,4.5,25
no_hard,0,0,-1,0,0,0.008498357608914375,2,183996,c5_late,4.5,26
no_hard,0,0,4,1,1,1.3778239008388482e-05,0,26456,c5_late,4.400000095367432,23
no_hard,0,0,3,1,1,1.317603182116045e-08,0,232527,c5_late,4.400000095367432,27
no_hard,0,0,3,1,1,2.3300508189549873e-09,0,51305,c5_late,4.099999904632568,23
no_hard,0,0,-1,0,0,0.008769260719418526,3,193380,c5_failure,4.400000095367432,24
no_hard,0,0,-1,0,0,0.008416857570409775,5,241218,c5_failure,4.699999809265137,26
no_hard,0,0,-1,0,0,0.007577072829008102,3,188389,c5_failure,4.099999904632568,24
no_hard,0,0,-1,0,0,0.0063169291242957115,2,76133,c5_failure,4.699999809265137,27
no_hard,0,0,-1,0,0,0.007879300974309444,7,275263,c5_failure,4.800000190734863,24
no_hard,0,0,-1,0,0,0.008048656396567822,2,235647,c5_failure,4.400000095367432,25
no_hard,0,0,-1,0,0,0.007859649136662483,3,140340,c5_failure,4.5,25
no_hard,0,0,-1,0,0,0.023670973256230354,3,202912,c5_failure,4.099999904632568,24
no_hard,0,0,-1,0,0,0.010540777817368507,3,28057,c5_failure,4.400000095367432,25
no_hard,0,0,-1,0,0,0.008124008774757385,6,160608,c5_failure,4.099999904632568,25
no_hard,0,0,-1,0,0,0.009975820779800415,3,153042,c5_failure,4.199999809265137,24
no_hard,0,0,-1,0,0,0.007721837610006332,4,205813,c5_failure,6.099999904632568,25
no_hard,0,0,-1,0,0,0.007442092522978783,4,53655,c5_failure,5.5,26
no_hard,0,0,-1,0,0,0.006862567272037268,2,99080,c5_failure,4.900000095367432,23
no_hard,0,0,-1,0,0,0.005938764661550522,3,210968,c5_failure,4.300000190734863,26
no_hard,0,0,-1,0,0,0.009596237912774086,2,205784,c5_failure,5.099999904632568,26
no_dual,1,1,1,1,1,3.6632616939868967e-09,0,46354,anchor_success,4.099999904632568,25
no_dual,1,1,1,1,1,1.6400202085264937e-08,0,155185,anchor_success,4.5,24
no_dual,1,1,1,1,1,9.847990867228873e-09,0,206650,anchor_success,5.199999809265137,23
no_dual,1,1,1,1,1,1.3705160339938516e-09,0,50539,anchor_success,5.300000190734863,25
no_dual,1,1,1,1,1,3.73999275993242e-09,0,52400,anchor_success,5.099999904632568,25
no_dual,1,1,1,1,1,8.700840048447844e-09,0,259018,anchor_success,4.199999809265137,24
no_dual,1,1,1,1,1,8.245654825600468e-09,0,175846,anchor_success,4.400000095367432,23
no_dual,1,1,1,1,1,8.528407313690423e-09,0,174648,anchor_success,4.099999904632568,25
no_dual,1,1,1,1,1,2.203880455908802e-08,0,234179,anchor_success,4.199999809265137,23
no_dual,1,1,1,1,1,1.6726332319194626e-08,0,175266,anchor_success,4.900000095367432,25
no_dual,1,1,1,1,1,1.540884220219141e-08,0,215707,anchor_success,4.400000095367432,25
no_dual,1,1,1,1,1,2.5535824121902806e-08,0,108126,anchor_success,4.099999904632568,23
no_dual,1,1,1,1,1,2.3256557568629432e-08,0,285365,anchor_success,4.199999809265137,25
no_dual,1,1,1,1,1,6.408184205497491e-09,0,210903,anchor_success,5.400000095367432,25
no_dual,1,1,1,1,1,2.2703696700432374e-09,0,151189,anchor_success,4.900000095367432,23
no_dual,1,1,1,1,1,1.1379190922866655e-08,0,293527,anchor_success,5.099999904632568,26
no_dual,0,0,1,1,1,1.759274503854158e-09,0,44596,c5_early,4.099999904632568,24
no_dual,0,0,2,1,1,7.181817918144873e-10,0,280931,c5_early,4.099999904632568,23
no_dual,0,0,2,1,1,1.6726509066700146e-09,0,209508,c5_early,4.099999904632568,23
no_dual,0,0,2,1,1,1.3823504563248434e-09,0,252867,c5_early,4.599999904632568,24
no_dual,0,0,2,1,1,1.1970872719757608e-06,0,108565,c5_early,4.199999809265137,25
no_dual,0,0,2,1,1,2.2322621529013986e-09,0,175246,c5_early,4.5,24
no_dual,0,0,2,1,1,1.1792120613307588e-09,0,8831,c5_early,4.300000190734863,24
no_dual,0,0,2,1,1,1.465352839069567e-09,0,15645,c5_early,4.099999904632568,24
no_dual,0,0,2,1,1,9.050501459384463e-10,0,46573,c5_early,4.300000190734863,24
no_dual,0,0,1,1,1,1.7753029046829738e-09,0,295549,c5_early,4.599999904632568,24
no_dual,0,0,2,1,1,8.36778812907113e-10,0,104339,c5_early,4.400000095367432,23
no_dual,0,0,1,1,1,2.4775317353231685e-09,0,198610,c5_early,4.300000190734863,24
no_dual,0,0,1,1,1,5.717869511201457e-10,0,170676,c5_early,4.099999904632568,26
no_dual,0,0,2,1,1,6.530340157517855e-10,0,63709,c5_early,4.400000095367432,24
no_dual,0,0,3,1,1,1.4712638884972762e-09,0,140000,c5_early,4.699999809265137,25
no_dual,0,0,2,1,1,7.713112926133192e-10,0,200903,c5_early,4.800000190734863,23
no_dual,0,0,3,1,1,5.04194852535278e-10,0,227377,c5_late,4.699999809265137,24
no_dual,0,0,3,1,1,1.2275235938830065e-08,0,62345,c5_late,5.199999809265137,23
no_dual,0,0,5,1,1,2.6491380822335486e-07,0,199386,c5_late,6.199999809265137,25
no_dual,0,0,-1,0,0,0.007321941200643778,2,190603,c5_late,4.599999904632568,24
no_dual,0,0,3,1,1,8.380305893673778e-10,0,251181,c5_late,4.199999809265137,23
no_dual,0,0,5,1,1,0.00013398549344856292,0,112818,c5_late,4.5,24
no_dual,0,0,4,1,1,3.557547367805114e-09,0,213392,c5_late,4.5,24
no_dual,0,0,3,1,1,7.058364559497932e-09,0,16749,c5_late,4.400000095367432,23
no_dual,0,0,4,1,1,1.1882814732189217e-09,0,63123,c5_late,4.199999809265137,26
no_dual,0,0,4,1,1,4.471436625408387e-07,0,243314,c5_late,5.599999904632568,21
no_dual,0,0,4,1,1,3.366204426313857e-09,0,178713,c5_late,6.099999904632568,25
no_dual,0,0,3,1,1,4.804334152730405e-10,0,269228,c5_late,4.5,25
no_dual,0,0,4,1,1,4.506687218963634e-07,0,183996,c5_late,4.5,26
no_dual,0,0,4,1,1,6.814782409492182e-07,0,26456,c5_late,4.400000095367432,23
no_dual,0,0,3,1,1,7.451357753041066e-09,0,232527,c5_late,4.400000095367432,27
no_dual,0,0,3,1,1,2.1619750434354046e-09,0,51305,c5_late,4.099999904632568,23
no_dual,0,0,-1,0,0,0.007128750439733267,4,193380,c5_failure,4.400000095367432,24
no_dual,0,0,-1,0,0,0.008106622844934464,4,241218,c5_failure,4.699999809265137,26
no_dual,0,0,-1,0,0,0.006380798295140266,2,188389,c5_failure,4.099999904632568,24
no_dual,0,0,-1,0,0,0.009292916394770145,4,76133,c5_failure,4.699999809265137,27
no_dual,0,0,-1,0,0,0.008963918313384056,4,275263,c5_failure,4.800000190734863,24
no_dual,0,0,-1,0,0,0.007861188612878323,2,235647,c5_failure,4.400000095367432,25
no_dual,0,0,-1,0,0,0.00950647797435522,3,140340,c5_failure,4.5,25
no_dual,0,0,4,1,1,2.2014122080804555e-08,0,202912,c5_failure,4.099999904632568,24
no_dual,0,0,-1,0,0,0.007445605006068945,3,28057,c5_failure,4.400000095367432,25
no_dual,0,0,-1,0,0,0.005676866043359041,3,160608,c5_failure,4.099999904632568,25
no_dual,0,0,-1,0,0,0.008170553483068943,3,153042,c5_failure,4.199999809265137,24
no_dual,0,0,-1,0,0,0.00647684745490551,3,205813,c5_failure,6.099999904632568,25
no_dual,0,0,-1,0,0,0.007452057674527168,3,53655,c5_failure,5.5,26
no_dual,0,0,-1,0,0,0.006322166882455349,2,99080,c5_failure,4.900000095367432,23
no_dual,0,0,-1,0,0,0.008854040876030922,2,210968,c5_failure,4.300000190734863,26
no_dual,0,0,-1,0,0,0.009891100227832794,4,205784,c5_failure,5.099999904632568,26
reset_dual,1,1,1,1,1,3.6355098931295515e-09,0,46354,anchor_success,4.099999904632568,25
reset_dual,1,1,1,1,1,1.5394217456332626e-08,0,155185,anchor_success,4.5,24
reset_dual,1,1,1,1,1,9.040685533534543e-09,0,206650,anchor_success,5.199999809265137,23
reset_dual,1,1,1,1,1,1.4240768564377504e-09,0,50539,anchor_success,5.300000190734863,25
reset_dual,1,1,1,1,1,4.8511106243154245e-09,0,52400,anchor_success,5.099999904632568,25
reset_dual,1,1,1,1,1,8.566507503360299e-09,0,259018,anchor_success,4.199999809265137,24
reset_dual,1,1,1,1,1,8.01672772610118e-09,0,175846,anchor_success,4.400000095367432,23
reset_dual,1,1,1,1,1,6.907284522128521e-09,0,174648,anchor_success,4.099999904632568,25
reset_dual,1,1,1,1,1,1.9186542132842987e-08,0,234179,anchor_success,4.199999809265137,23
reset_dual,1,1,1,1,1,1.75596266416278e-08,0,175266,anchor_success,4.900000095367432,25
reset_dual,1,1,1,1,1,1.4339465614909841e-08,0,215707,anchor_success,4.400000095367432,25
reset_dual,1,1,1,1,1,2.4724398528519487e-08,0,108126,anchor_success,4.099999904632568,23
reset_dual,1,1,1,1,1,2.362590123539121e-08,0,285365,anchor_success,4.199999809265137,25
reset_dual,1,1,1,1,1,6.398115814931771e-09,0,210903,anchor_success,5.400000095367432,25
reset_dual,1,1,1,1,1,2.099703966251809e-09,0,151189,anchor_success,4.900000095367432,23
reset_dual,1,1,1,1,1,1.1087420759281486e-08,0,293527,anchor_success,5.099999904632568,26
reset_dual,0,0,1,1,1,3.1786688836632493e-09,0,44596,c5_early,4.099999904632568,24
reset_dual,0,0,1,1,1,7.828527270881125e-10,0,280931,c5_early,4.099999904632568,23
reset_dual,0,0,2,1,1,1.795004478388762e-09,0,209508,c5_early,4.099999904632568,23
reset_dual,0,0,2,1,1,1.392299053826207e-09,0,252867,c5_early,4.599999904632568,24
reset_dual,0,0,2,1,1,1.0030253179138526e-06,0,108565,c5_early,4.199999809265137,25
reset_dual,0,0,2,1,1,2.0332422412394635e-09,0,175246,c5_early,4.5,24
reset_dual,0,0,2,1,1,1.0954320783795879e-09,0,8831,c5_early,4.300000190734863,24
reset_dual,0,0,2,1,1,1.317574827019996e-09,0,15645,c5_early,4.099999904632568,24
reset_dual,0,0,2,1,1,8.1819467867561e-10,0,46573,c5_early,4.300000190734863,24
reset_dual,0,0,1,1,1,1.4885253030172407e-09,0,295549,c5_early,4.599999904632568,24
reset_dual,0,0,2,1,1,7.872917873186225e-10,0,104339,c5_early,4.400000095367432,23
reset_dual,0,0,1,1,1,2.5726809571580134e-09,0,198610,c5_early,4.300000190734863,24
reset_dual,0,0,1,1,1,5.432859162546322e-10,0,170676,c5_early,4.099999904632568,26
reset_dual,0,0,2,1,1,3.690002192691111e-10,0,63709,c5_early,4.400000095367432,24
reset_dual,0,0,2,1,1,1.6435609540010887e-09,0,140000,c5_early,4.699999809265137,25
reset_dual,0,0,2,1,1,7.553844771912566e-10,0,200903,c5_early,4.800000190734863,23
reset_dual,0,0,4,1,1,1.14196341272077e-09,0,227377,c5_late,4.699999809265137,24
reset_dual,0,0,3,1,1,1.2101793345209444e-08,0,62345,c5_late,5.199999809265137,23
reset_dual,0,0,5,1,1,6.387244866346009e-07,0,199386,c5_late,6.199999809265137,25
reset_dual,0,0,5,1,1,0.007077362388372421,0,190603,c5_late,4.599999904632568,24
reset_dual,0,0,3,1,1,8.132535200822133e-10,0,251181,c5_late,4.199999809265137,23
reset_dual,0,0,5,1,1,3.658587593236007e-05,0,112818,c5_late,4.5,24
reset_dual,0,0,4,1,1,2.590799130786081e-09,0,213392,c5_late,4.5,24
reset_dual,0,0,3,1,1,9.308007697939047e-09,0,16749,c5_late,4.400000095367432,23
reset_dual,0,0,4,1,1,6.256809514937345e-10,0,63123,c5_late,4.199999809265137,26
reset_dual,0,0,4,1,1,1.9256599443906453e-06,0,243314,c5_late,5.599999904632568,21
reset_dual,0,0,4,1,1,8.304218646060235e-09,0,178713,c5_late,6.099999904632568,25
reset_dual,0,0,3,1,1,5.891003795888139e-10,0,269228,c5_late,4.5,25
reset_dual,0,0,4,1,1,1.5329268876485003e-07,0,183996,c5_late,4.5,26
reset_dual,0,0,4,1,1,3.278153144492535e-06,0,26456,c5_late,4.400000095367432,23
reset_dual,0,0,3,1,1,1.799108062527921e-08,0,232527,c5_late,4.400000095367432,27
reset_dual,0,0,3,1,1,2.246190344834531e-09,0,51305,c5_late,4.099999904632568,23
reset_dual,0,0,-1,0,0,0.006156523711979389,4,193380,c5_failure,4.400000095367432,24
reset_dual,0,0,-1,0,0,0.009259847924113274,4,241218,c5_failure,4.699999809265137,26
reset_dual,0,0,-1,0,0,0.006676706951111555,3,188389,c5_failure,4.099999904632568,24
reset_dual,0,0,-1,0,0,0.0061513022519648075,2,76133,c5_failure,4.699999809265137,27
reset_dual,0,0,-1,0,0,0.006874354090541601,2,275263,c5_failure,4.800000190734863,24
reset_dual,0,0,-1,0,0,0.009813269600272179,4,235647,c5_failure,4.400000095367432,25
reset_dual,0,0,-1,0,0,0.011222582310438156,4,140340,c5_failure,4.5,25
reset_dual,0,0,-1,0,0,0.024093294516205788,3,202912,c5_failure,4.099999904632568,24
reset_dual,0,0,-1,0,0,0.008678369224071503,3,28057,c5_failure,4.400000095367432,25
reset_dual,0,0,-1,0,0,0.009104021824896336,4,160608,c5_failure,4.099999904632568,25
reset_dual,0,0,-1,0,0,0.013163774274289608,3,153042,c5_failure,4.199999809265137,24
reset_dual,0,0,-1,0,0,0.009201239794492722,3,205813,c5_failure,6.099999904632568,25
reset_dual,0,0,-1,0,0,0.007795015815645456,2,53655,c5_failure,5.5,26
reset_dual,0,0,-1,0,0,0.00771474139764905,2,99080,c5_failure,4.900000095367432,23
reset_dual,0,0,-1,0,0,0.009130999445915222,4,210968,c5_failure,4.300000190734863,26
reset_dual,0,0,-1,0,0,0.008639628067612648,6,205784,c5_failure,5.099999904632568,26
flat_attention,1,1,1,1,1,3.043124641166628e-09,0,46354,anchor_success,4.099999904632568,25
flat_attention,1,1,1,1,1,1.9941547080293276e-08,0,155185,anchor_success,4.5,24
flat_attention,1,1,1,1,1,7.011771607778883e-09,0,206650,anchor_success,5.199999809265137,23
flat_attention,1,1,1,1,1,1.1827446799728136e-09,0,50539,anchor_success,5.300000190734863,25
flat_attention,1,1,1,1,1,9.52539824794485e-09,0,52400,anchor_success,5.099999904632568,25
flat_attention,1,1,1,1,1,5.871175989824451e-09,0,259018,anchor_success,4.199999809265137,24
flat_attention,1,1,1,1,1,9.347029816808572e-09,0,175846,anchor_success,4.400000095367432,23
flat_attention,1,1,1,1,1,6.182922618336306e-09,0,174648,anchor_success,4.099999904632568,25
flat_attention,1,1,1,1,1,2.002888344065923e-08,0,234179,anchor_success,4.199999809265137,23
flat_attention,1,1,1,1,1,1.9796068784216914e-08,0,175266,anchor_success,4.900000095367432,25
flat_attention,1,1,1,1,1,1.0457509524997022e-08,0,215707,anchor_success,4.400000095367432,25
flat_attention,1,1,1,1,1,3.8985710659744655e-08,0,108126,anchor_success,4.099999904632568,23
flat_attention,1,1,1,1,1,3.233611423070215e-08,0,285365,anchor_success,4.199999809265137,25
flat_attention,1,1,1,1,1,7.018755798782195e-09,0,210903,anchor_success,5.400000095367432,25
flat_attention,1,1,1,1,1,2.5116317914353203e-09,0,151189,anchor_success,4.900000095367432,23
flat_attention,1,1,1,1,1,1.3077181115761505e-08,0,293527,anchor_success,5.099999904632568,26
flat_attention,0,0,1,1,1,2.500632811930359e-09,0,44596,c5_early,4.099999904632568,24
flat_attention,0,0,1,1,1,9.486307295247798e-10,0,280931,c5_early,4.099999904632568,23
flat_attention,0,0,2,1,1,1.9870085576911833e-09,0,209508,c5_early,4.099999904632568,23
flat_attention,0,0,2,1,1,1.1835860069808746e-09,0,252867,c5_early,4.599999904632568,24
flat_attention,0,0,2,1,1,9.118959383158654e-07,0,108565,c5_early,4.199999809265137,25
flat_attention,0,0,2,1,1,1.715071862307127e-09,0,175246,c5_early,4.5,24
flat_attention,0,0,2,1,1,5.689320681234733e-10,0,8831,c5_early,4.300000190734863,24
flat_attention,0,0,2,1,1,1.390467074813273e-09,0,15645,c5_early,4.099999904632568,24
flat_attention,0,0,2,1,1,9.881568896474846e-10,0,46573,c5_early,4.300000190734863,24
flat_attention,0,0,1,1,1,1.9815726837180136e-09,0,295549,c5_early,4.599999904632568,24
flat_attention,0,0,2,1,1,1.3168168777610845e-09,0,104339,c5_early,4.400000095367432,23
flat_attention,0,0,1,1,1,3.1590614568699493e-09,0,198610,c5_early,4.300000190734863,24
flat_attention,0,0,1,1,1,1.0649405801643752e-09,0,170676,c5_early,4.099999904632568,26
flat_attention,0,0,1,1,1,7.466505191899842e-10,0,63709,c5_early,4.400000095367432,24
flat_attention,0,0,3,1,1,2.2711275082798466e-09,0,140000,c5_early,4.699999809265137,25
flat_attention,0,0,2,1,1,9.127439914990987e-10,0,200903,c5_early,4.800000190734863,23
flat_attention,0,0,3,1,1,7.515459921059175e-10,0,227377,c5_late,4.699999809265137,24
flat_attention,0,0,3,1,1,1.9608856760555682e-08,0,62345,c5_late,5.199999809265137,23
flat_attention,0,0,4,1,1,5.4255400172564805e-09,0,199386,c5_late,6.199999809265137,25
flat_attention,0,0,-1,0,0,0.01001451350748539,6,190603,c5_late,4.599999904632568,24
flat_attention,0,0,3,1,1,9.330626271619735e-10,0,251181,c5_late,4.199999809265137,23
flat_attention,0,0,4,1,1,1.3202297566294874e-07,0,112818,c5_late,4.5,24
flat_attention,0,0,3,1,1,2.996138226407652e-09,0,213392,c5_late,4.5,24
flat_attention,0,0,3,1,1,4.760109195700579e-09,0,16749,c5_late,4.400000095367432,23
flat_attention,0,0,4,1,1,1.1544577516175991e-09,0,63123,c5_late,4.199999809265137,26
flat_attention,0,0,4,1,1,1.25477640722238e-07,0,243314,c5_late,5.599999904632568,21
flat_attention,0,0,4,1,1,6.25515781393915e-07,0,178713,c5_late,6.099999904632568,25
flat_attention,0,0,3,1,1,1.1755263429336082e-09,0,269228,c5_late,4.5,25
flat_attention,0,0,4,1,1,2.3787137592989893e-08,0,183996,c5_late,4.5,26
flat_attention,0,0,5,1,1,2.632183964124124e-07,0,26456,c5_late,4.400000095367432,23
flat_attention,0,0,4,1,1,9.824205449149304e-09,0,232527,c5_late,4.400000095367432,27
flat_attention,0,0,3,1,1,2.4420374611366924e-09,0,51305,c5_late,4.099999904632568,23
flat_attention,0,0,-1,0,0,0.006737574003636837,2,193380,c5_failure,4.400000095367432,24
flat_attention,0,0,-1,0,0,0.01116941124200821,7,241218,c5_failure,4.699999809265137,26
flat_attention,0,0,-1,0,0,0.00967661663889885,3,188389,c5_failure,4.099999904632568,24
flat_attention,0,0,-1,0,0,0.007225478533655405,3,76133,c5_failure,4.699999809265137,27
flat_attention,0,0,-1,0,0,0.006413300521671772,3,275263,c5_failure,4.800000190734863,24
flat_attention,0,0,-1,0,0,0.006971659604460001,2,235647,c5_failure,4.400000095367432,25
flat_attention,0,0,-1,0,0,0.008220846764743328,6,140340,c5_failure,4.5,25
flat_attention,0,0,-1,0,0,0.01765255071222782,3,202912,c5_failure,4.099999904632568,24
flat_attention,0,0,-1,0,0,0.010726412758231163,5,28057,c5_failure,4.400000095367432,25
flat_attention,0,0,-1,0,0,0.007373537868261337,6,160608,c5_failure,4.099999904632568,25
flat_attention,0,0,-1,0,0,0.009239042177796364,3,153042,c5_failure,4.199999809265137,24
flat_attention,0,0,-1,0,0,0.0059326207265257835,3,205813,c5_failure,6.099999904632568,25
flat_attention,0,0,-1,0,0,0.006962531246244907,3,53655,c5_failure,5.5,26
flat_attention,0,0,-1,0,0,0.007179464213550091,2,99080,c5_failure,4.900000095367432,23
flat_attention,0,0,-1,0,0,0.011503331363201141,4,210968,c5_failure,4.300000190734863,26
flat_attention,0,0,-1,0,0,0.008197154849767685,2,205784,c5_failure,5.099999904632568,26
shuffle_attention,1,1,1,1,1,3.0307836240694996e-09,0,46354,anchor_success,4.099999904632568,25
shuffle_attention,1,1,1,1,1,1.426236995172303e-08,0,155185,anchor_success,4.5,24
shuffle_attention,1,1,1,1,1,8.67612026667075e-09,0,206650,anchor_success,5.199999809265137,23
shuffle_attention,1,1,1,1,1,1.2199464771711632e-09,0,50539,anchor_success,5.300000190734863,25
shuffle_attention,1,1,1,1,1,2.8414111064023473e-09,0,52400,anchor_success,5.099999904632568,25
shuffle_attention,1,1,1,1,1,7.143449831659154e-09,0,259018,anchor_success,4.199999809265137,24
shuffle_attention,1,1,1,1,1,4.813798692993032e-09,0,175846,anchor_success,4.400000095367432,23
shuffle_attention,1,1,1,1,1,5.708666428461129e-09,0,174648,anchor_success,4.099999904632568,25
shuffle_attention,1,1,1,1,1,1.7003200625254067e-08,0,234179,anchor_success,4.199999809265137,23
shuffle_attention,1,1,1,1,1,2.0513160947643883e-08,0,175266,anchor_success,4.900000095367432,25
shuffle_attention,1,1,1,1,1,1.426586759833981e-08,0,215707,anchor_success,4.400000095367432,25
shuffle_attention,1,1,1,1,1,1.4727612906995091e-08,0,108126,anchor_success,4.099999904632568,23
shuffle_attention,1,1,1,1,1,2.3605688070915676e-08,0,285365,anchor_success,4.199999809265137,25
shuffle_attention,1,1,1,1,1,7.187455519641617e-09,0,210903,anchor_success,5.400000095367432,25
shuffle_attention,1,1,1,1,1,1.971102170372774e-09,0,151189,anchor_success,4.900000095367432,23
shuffle_attention,1,1,1,1,1,8.99499230655465e-09,0,293527,anchor_success,5.099999904632568,26
shuffle_attention,0,0,1,1,1,2.3632709122978213e-09,0,44596,c5_early,4.099999904632568,24
shuffle_attention,0,0,1,1,1,6.383216177852091e-10,0,280931,c5_early,4.099999904632568,23
shuffle_attention,0,0,2,1,1,1.9955463947951557e-09,0,209508,c5_early,4.099999904632568,23
shuffle_attention,0,0,2,1,1,1.3605799820126663e-09,0,252867,c5_early,4.599999904632568,24
shuffle_attention,0,0,2,1,1,9.424549602954357e-07,0,108565,c5_early,4.199999809265137,25
shuffle_attention,0,0,2,1,1,2.8264184326332042e-09,0,175246,c5_early,4.5,24
shuffle_attention,0,0,2,1,1,1.0517319237735023e-09,0,8831,c5_early,4.300000190734863,24
shuffle_attention,0,0,2,1,1,1.3232315243527637e-09,0,15645,c5_early,4.099999904632568,24
shuffle_attention,0,0,2,1,1,9.595925165584163e-10,0,46573,c5_early,4.300000190734863,24
shuffle_attention,0,0,1,1,1,1.2760643652853787e-09,0,295549,c5_early,4.599999904632568,24
shuffle_attention,0,0,2,1,1,1.3146310706702025e-09,0,104339,c5_early,4.400000095367432,23
shuffle_attention,0,0,1,1,1,2.886881844688105e-09,0,198610,c5_early,4.300000190734863,24
shuffle_attention,0,0,1,1,1,5.742742392733646e-10,0,170676,c5_early,4.099999904632568,26
shuffle_attention,0,0,2,1,1,3.5382266561079234e-10,0,63709,c5_early,4.400000095367432,24
shuffle_attention,0,0,2,1,1,2.0339476769493103e-09,0,140000,c5_early,4.699999809265137,25
shuffle_attention,0,0,2,1,1,9.34274213548747e-10,0,200903,c5_early,4.800000190734863,23
shuffle_attention,0,0,3,1,1,1.40749190080669e-09,0,227377,c5_late,4.699999809265137,24
shuffle_attention,0,0,3,1,1,6.742768121625886e-09,0,62345,c5_late,5.199999809265137,23
shuffle_attention,0,0,4,1,1,4.6304688083864676e-08,0,199386,c5_late,6.199999809265137,25
shuffle_attention,0,0,-1,0,0,0.009352033957839012,6,190603,c5_late,4.599999904632568,24
shuffle_attention,0,0,3,1,1,7.39422634232767e-10,0,251181,c5_late,4.199999809265137,23
shuffle_attention,0,0,5,1,1,1.4951277762520476e-06,0,112818,c5_late,4.5,24
shuffle_attention,0,0,3,1,1,3.425952410651689e-09,0,213392,c5_late,4.5,24
shuffle_attention,0,0,3,1,1,8.947763419087096e-09,0,16749,c5_late,4.400000095367432,23
shuffle_attention,0,0,4,1,1,9.380290988403317e-10,0,63123,c5_late,4.199999809265137,26
shuffle_attention,0,0,5,1,1,3.94640228478238e-05,0,243314,c5_late,5.599999904632568,21
shuffle_attention,0,0,4,1,1,5.6763806988158194e-09,0,178713,c5_late,6.099999904632568,25
shuffle_attention,0,0,3,1,1,6.471223001902615e-10,0,269228,c5_late,4.5,25
shuffle_attention,0,0,3,1,1,2.2887505224389315e-09,0,183996,c5_late,4.5,26
shuffle_attention,0,0,4,1,1,4.2819078771572094e-06,0,26456,c5_late,4.400000095367432,23
shuffle_attention,0,0,4,1,1,9.951561352750105e-09,0,232527,c5_late,4.400000095367432,27
shuffle_attention,0,0,3,1,1,1.6749581721597906e-09,0,51305,c5_late,4.099999904632568,23
shuffle_attention,0,0,-1,0,0,0.007555715274065733,2,193380,c5_failure,4.400000095367432,24
shuffle_attention,0,0,-1,0,0,0.008573559112846851,4,241218,c5_failure,4.699999809265137,26
shuffle_attention,0,0,-1,0,0,0.008197885937988758,3,188389,c5_failure,4.099999904632568,24
shuffle_attention,0,0,-1,0,0,0.00672706076875329,2,76133,c5_failure,4.699999809265137,27
shuffle_attention,0,0,-1,0,0,0.006361788604408503,4,275263,c5_failure,4.800000190734863,24
shuffle_attention,0,0,-1,0,0,0.00824111606925726,2,235647,c5_failure,4.400000095367432,25
shuffle_attention,0,0,-1,0,0,0.009696069173514843,4,140340,c5_failure,4.5,25
shuffle_attention,0,0,-1,0,0,0.016160614788532257,3,202912,c5_failure,4.099999904632568,24
shuffle_attention,0,0,-1,0,0,0.011437754146754742,4,28057,c5_failure,4.400000095367432,25
shuffle_attention,0,0,-1,0,0,0.009488001465797424,6,160608,c5_failure,4.099999904632568,25
shuffle_attention,0,0,-1,0,0,0.011781458742916584,3,153042,c5_failure,4.199999809265137,24
shuffle_attention,0,0,5,1,1,0.0014891063328832388,0,205813,c5_failure,6.099999904632568,25
shuffle_attention,0,0,-1,0,0,0.009152038022875786,3,53655,c5_failure,5.5,26
shuffle_attention,0,0,-1,0,0,0.006840446963906288,2,99080,c5_failure,4.900000095367432,23
shuffle_attention,0,0,-1,0,0,0.007205639965832233,3,210968,c5_failure,4.300000190734863,26
shuffle_attention,0,0,-1,0,0,0.007953764870762825,4,205784,c5_failure,5.099999904632568,26
no_base,1,1,1,1,1,1.1877851591179933e-08,0,46354,anchor_success,4.099999904632568,25
no_base,1,1,1,1,1,3.383815894153486e-08,0,155185,anchor_success,4.5,24
no_base,1,1,1,1,1,2.397199386905413e-05,0,206650,anchor_success,5.199999809265137,23
no_base,1,1,1,1,1,4.264342715032399e-05,0,50539,anchor_success,5.300000190734863,25
no_base,1,1,1,1,1,0.00010045338422060013,0,52400,anchor_success,5.099999904632568,25
no_base,1,1,1,1,1,1.2741839583441106e-08,0,259018,anchor_success,4.199999809265137,24
no_base,1,1,1,1,1,1.1458350712700849e-07,0,175846,anchor_success,4.400000095367432,23
no_base,1,1,1,1,1,2.4731123176024994e-06,0,174648,anchor_success,4.099999904632568,25
no_base,1,1,1,1,1,8.418642210017424e-06,0,234179,anchor_success,4.199999809265137,23
no_base,1,1,1,1,1,2.2272602109296713e-06,0,175266,anchor_success,4.900000095367432,25
no_base,1,1,1,1,1,1.009296283882577e-06,0,215707,anchor_success,4.400000095367432,25
no_base,1,1,1,1,1,7.103407995145972e-08,0,108126,anchor_success,4.099999904632568,23
no_base,1,1,1,1,1,2.9532378320595853e-08,0,285365,anchor_success,4.199999809265137,25
no_base,1,1,1,1,1,3.082597686443478e-06,0,210903,anchor_success,5.400000095367432,25
no_base,1,1,1,1,1,2.9112470656400546e-06,0,151189,anchor_success,4.900000095367432,23
no_base,1,1,1,1,1,0.00038972380571067333,0,293527,anchor_success,5.099999904632568,26
no_base,0,0,2,1,1,3.728739983444029e-09,0,44596,c5_early,4.099999904632568,24
no_base,0,0,-1,0,0,0.010297141037881374,6,280931,c5_early,4.099999904632568,23
no_base,0,0,2,1,1,4.292265387562111e-08,0,209508,c5_early,4.099999904632568,23
no_base,0,0,5,1,1,0.002271610079333186,0,252867,c5_early,4.599999904632568,24
no_base,0,0,4,1,1,1.0377047665599548e-08,0,108565,c5_early,4.199999809265137,25
no_base,0,0,3,1,1,9.090715735737831e-09,0,175246,c5_early,4.5,24
no_base,0,0,-1,0,0,0.009749678894877434,4,8831,c5_early,4.300000190734863,24
no_base,0,0,3,1,1,5.4904901958252594e-08,0,15645,c5_early,4.099999904632568,24
no_base,0,0,3,1,1,6.185545942116732e-08,0,46573,c5_early,4.300000190734863,24
no_base,0,0,3,1,1,3.6946836701190477e-09,0,295549,c5_early,4.599999904632568,24
no_base,0,0,4,1,1,5.526267727873346e-07,0,104339,c5_early,4.400000095367432,23
no_base,0,0,1,1,1,1.2396245807622108e-08,0,198610,c5_early,4.300000190734863,24
no_base,0,0,3,1,1,2.9199076934105506e-08,0,170676,c5_early,4.099999904632568,26
no_base,0,0,3,1,1,2.4395319542236393e-06,0,63709,c5_early,4.400000095367432,24
no_base,0,0,3,1,1,3.26166933461991e-08,0,140000,c5_early,4.699999809265137,25
no_base,0,0,-1,0,0,0.007480450440198183,5,200903,c5_early,4.800000190734863,23
no_base,0,0,5,1,1,4.437995926309668e-08,0,227377,c5_late,4.699999809265137,24
no_base,0,0,1,1,1,7.89345921958784e-09,0,62345,c5_late,5.199999809265137,23
no_base,0,0,3,1,1,9.630620745326723e-09,0,199386,c5_late,6.199999809265137,25
no_base,0,0,4,1,1,5.135709457704252e-08,0,190603,c5_late,4.599999904632568,24
no_base,0,0,4,1,1,3.389584790625122e-08,0,251181,c5_late,4.199999809265137,23
no_base,0,0,5,1,1,0.009493050165474415,0,112818,c5_late,4.5,24
no_base,0,0,4,1,1,9.582573312627574e-08,0,213392,c5_late,4.5,24
no_base,0,0,-1,0,0,0.007664991542696953,2,16749,c5_late,4.400000095367432,23
no_base,0,0,-1,0,0,0.007773031946271658,9,63123,c5_late,4.199999809265137,26
no_base,0,0,-1,0,0,0.010676701553165913,6,243314,c5_late,5.599999904632568,21
no_base,0,0,2,1,1,1.500130383647047e-05,0,178713,c5_late,6.099999904632568,25
no_base,0,0,1,1,1,8.186018973788123e-09,0,269228,c5_late,4.5,25
no_base,0,0,5,1,1,1.1568090485525317e-05,0,183996,c5_late,4.5,26
no_base,0,0,-1,0,0,0.010136988945305347,5,26456,c5_late,4.400000095367432,23
no_base,0,0,-1,0,0,0.010220134630799294,6,232527,c5_late,4.400000095367432,27
no_base,0,0,5,1,1,4.284470560378395e-05,0,51305,c5_late,4.099999904632568,23
no_base,0,0,3,1,1,7.258012146849069e-07,0,193380,c5_failure,4.400000095367432,24
no_base,0,0,-1,0,0,0.01283086184412241,8,241218,c5_failure,4.699999809265137,26
no_base,0,0,-1,0,0,0.007939173839986324,3,188389,c5_failure,4.099999904632568,24
no_base,0,0,-1,0,0,0.009549892507493496,2,76133,c5_failure,4.699999809265137,27
no_base,0,0,-1,0,0,0.007333460729569197,9,275263,c5_failure,4.800000190734863,24
no_base,0,0,5,1,1,8.193083544938418e-08,0,235647,c5_failure,4.400000095367432,25
no_base,0,0,-1,0,0,0.015086064115166664,11,140340,c5_failure,4.5,25
no_base,0,0,3,1,1,9.129506040039814e-09,0,202912,c5_failure,4.099999904632568,24
no_base,0,0,-1,0,0,0.011625437997281551,4,28057,c5_failure,4.400000095367432,25
no_base,0,0,-1,0,0,0.0071719009429216385,7,160608,c5_failure,4.099999904632568,25
no_base,0,0,-1,0,0,0.014811494387686253,7,153042,c5_failure,4.199999809265137,24
no_base,0,0,-1,0,0,0.00845695473253727,3,205813,c5_failure,6.099999904632568,25
no_base,0,0,-1,0,0,0.01203507836908102,10,53655,c5_failure,5.5,26
no_base,0,0,-1,0,0,0.011523682624101639,6,99080,c5_failure,4.900000095367432,23
no_base,0,0,4,1,1,5.194107188799535e-08,0,210968,c5_failure,4.300000190734863,26
no_base,0,0,-1,0,0,0.0075441994704306126,5,205784,c5_failure,5.099999904632568,26
no_symbolic,1,1,1,1,1,5.841251038418704e-09,0,46354,anchor_success,4.099999904632568,25
no_symbolic,1,1,1,1,1,3.484688804178404e-08,0,155185,anchor_success,4.5,24
no_symbolic,1,1,1,1,1,3.879918608618027e-09,0,206650,anchor_success,5.199999809265137,23
no_symbolic,1,1,1,1,1,1.3405259124965596e-09,0,50539,anchor_success,5.300000190734863,25
no_symbolic,1,1,1,1,1,2.0238651643467165e-08,0,52400,anchor_success,5.099999904632568,25
no_symbolic,1,1,1,1,1,1.1657757426064563e-08,0,259018,anchor_success,4.199999809265137,24
no_symbolic,1,1,1,1,1,3.199157161404287e-09,0,175846,anchor_success,4.400000095367432,23
no_symbolic,1,1,1,1,1,1.6295960136858412e-09,0,174648,anchor_success,4.099999904632568,25
no_symbolic,1,1,1,1,1,3.745191712312135e-09,0,234179,anchor_success,4.199999809265137,23
no_symbolic,1,1,1,1,1,3.3960194656401654e-08,0,175266,anchor_success,4.900000095367432,25
no_symbolic,1,1,1,1,1,4.666636854722128e-09,0,215707,anchor_success,4.400000095367432,25
no_symbolic,1,1,1,1,1,2.3783012892408806e-08,0,108126,anchor_success,4.099999904632568,23
no_symbolic,1,1,1,1,1,3.3820093392478157e-08,0,285365,anchor_success,4.199999809265137,25
no_symbolic,1,1,1,1,1,1.8495695641718157e-08,0,210903,anchor_success,5.400000095367432,25
no_symbolic,1,1,1,1,1,1.4642591139590877e-08,0,151189,anchor_success,4.900000095367432,23
no_symbolic,1,1,1,1,1,3.6608629017109706e-08,0,293527,anchor_success,5.099999904632568,26
no_symbolic,0,0,2,1,1,1.5273109443825206e-09,0,44596,c5_early,4.099999904632568,24
no_symbolic,0,0,2,1,1,2.101147172917095e-10,0,280931,c5_early,4.099999904632568,23
no_symbolic,0,0,2,1,1,3.527210190590324e-10,0,209508,c5_early,4.099999904632568,23
no_symbolic,0,0,2,1,1,5.0424293213113813e-11,0,252867,c5_early,4.599999904632568,24
no_symbolic,0,0,4,1,1,6.280535203018189e-09,0,108565,c5_early,4.199999809265137,25
no_symbolic,0,0,3,1,1,1.0977889708385646e-09,0,175246,c5_early,4.5,24
no_symbolic,0,0,3,1,1,1.1273856292959294e-09,0,8831,c5_early,4.300000190734863,24
no_symbolic,0,0,2,1,1,1.3019729738772412e-10,0,15645,c5_early,4.099999904632568,24
no_symbolic,0,0,2,1,1,4.674463593978828e-10,0,46573,c5_early,4.300000190734863,24
no_symbolic,0,0,-1,0,0,0.008673906326293945,2,295549,c5_early,4.599999904632568,24
no_symbolic,0,0,2,1,1,6.660912377220995e-10,0,104339,c5_early,4.400000095367432,23
no_symbolic,0,0,1,1,1,5.300826888543497e-09,0,198610,c5_early,4.300000190734863,24
no_symbolic,0,0,3,1,1,6.572276611827021e-10,0,170676,c5_early,4.099999904632568,26
no_symbolic,0,0,2,1,1,4.3152079132191545e-11,0,63709,c5_early,4.400000095367432,24
no_symbolic,0,0,3,1,1,2.38166819599428e-10,0,140000,c5_early,4.699999809265137,25
no_symbolic,0,0,3,1,1,4.120445928901262e-10,0,200903,c5_early,4.800000190734863,23
no_symbolic,0,0,3,1,1,1.752826772616345e-10,0,227377,c5_late,4.699999809265137,24
no_symbolic,0,0,1,1,1,1.2190637388442838e-09,0,62345,c5_late,5.199999809265137,23
no_symbolic,0,0,3,1,1,1.3569669832236286e-09,0,199386,c5_late,6.199999809265137,25
no_symbolic,0,0,4,1,1,1.7033771726460145e-08,0,190603,c5_late,4.599999904632568,24
no_symbolic,0,0,3,1,1,3.512279134199048e-09,0,251181,c5_late,4.199999809265137,23
no_symbolic,0,0,3,1,1,7.17873760436305e-10,0,112818,c5_late,4.5,24
no_symbolic,0,0,3,1,1,9.217926422167011e-10,0,213392,c5_late,4.5,24
no_symbolic,0,0,-1,0,0,0.013696826994419098,4,16749,c5_late,4.400000095367432,23
no_symbolic,0,0,3,1,1,2.8938160201441576e-10,0,63123,c5_late,4.199999809265137,26
no_symbolic,0,0,-1,0,0,0.010253490880131721,2,243314,c5_late,5.599999904632568,21
no_symbolic,0,0,-1,0,0,0.010310365818440914,4,178713,c5_late,6.099999904632568,25
no_symbolic,0,0,2,1,1,1.3264828124803785e-10,0,269228,c5_late,4.5,25
no_symbolic,0,0,3,1,1,6.773994254416493e-09,0,183996,c5_late,4.5,26
no_symbolic,0,0,-1,0,0,0.008309640921652317,2,26456,c5_late,4.400000095367432,23
no_symbolic,0,0,2,1,1,1.435025209772789e-09,0,232527,c5_late,4.400000095367432,27
no_symbolic,0,0,2,1,1,1.557307754973536e-10,0,51305,c5_late,4.099999904632568,23
no_symbolic,0,0,-1,0,0,0.008661450818181038,5,193380,c5_failure,4.400000095367432,24
no_symbolic,0,0,-1,0,0,0.012346187606453896,6,241218,c5_failure,4.699999809265137,26
no_symbolic,0,0,-1,0,0,0.00947547983378172,3,188389,c5_failure,4.099999904632568,24
no_symbolic,0,0,-1,0,0,0.006341929547488689,2,76133,c5_failure,4.699999809265137,27
no_symbolic,0,0,3,1,1,5.1475243623144706e-08,0,275263,c5_failure,4.800000190734863,24
no_symbolic,0,0,-1,0,0,0.015343010425567627,2,235647,c5_failure,4.400000095367432,25
no_symbolic,0,0,4,1,1,1.9879582424664477e-09,0,140340,c5_failure,4.5,25
no_symbolic,0,0,2,1,1,2.2270928157208658e-10,0,202912,c5_failure,4.099999904632568,24
no_symbolic,0,0,5,1,1,4.086955773807688e-10,0,28057,c5_failure,4.400000095367432,25
no_symbolic,0,0,4,1,1,1.5443026413208827e-08,0,160608,c5_failure,4.099999904632568,25
no_symbolic,0,0,-1,0,0,0.009464000351727009,2,153042,c5_failure,4.199999809265137,24
no_symbolic,0,0,2,1,1,2.5455237917526574e-10,0,205813,c5_failure,6.099999904632568,25
no_symbolic,0,0,-1,0,0,0.009526288136839867,4,53655,c5_failure,5.5,26
no_symbolic,0,0,5,1,1,0.0019457017770037055,0,99080,c5_failure,4.900000095367432,23
no_symbolic,0,0,-1,0,0,0.01736782304942608,6,210968,c5_failure,4.300000190734863,26
no_symbolic,0,0,-1,0,0,0.005783997476100922,3,205784,c5_failure,5.099999904632568,26
no_cell,1,1,1,1,1,1.507713953685652e-10,0,46354,anchor_success,4.099999904632568,25
no_cell,1,1,1,1,1,2.4493169714645546e-09,0,155185,anchor_success,4.5,24
no_cell,1,1,1,1,1,1.1293614932128548e-09,0,206650,anchor_success,5.199999809265137,23
no_cell,1,1,1,1,1,2.0104442555179958e-09,0,50539,anchor_success,5.300000190734863,25
no_cell,1,1,1,1,1,8.403090032516047e-05,0,52400,anchor_success,5.099999904632568,25
no_cell,1,1,1,1,1,1.3200134318935852e-09,0,259018,anchor_success,4.199999809265137,24
no_cell,1,1,1,1,1,3.595291286906388e-10,0,175846,anchor_success,4.400000095367432,23
no_cell,1,1,1,1,1,1.6824451831709553e-09,0,174648,anchor_success,4.099999904632568,25
no_cell,1,1,1,1,1,7.824175196624594e-10,0,234179,anchor_success,4.199999809265137,23
no_cell,1,1,1,1,1,2.6814153120113815e-09,0,175266,anchor_success,4.900000095367432,25
no_cell,1,1,1,1,1,2.34199393212009e-09,0,215707,anchor_success,4.400000095367432,25
no_cell,1,1,1,1,1,9.956856866777386e-11,0,108126,anchor_success,4.099999904632568,23
no_cell,1,1,1,1,1,4.7967549932081965e-09,0,285365,anchor_success,4.199999809265137,25
no_cell,1,1,1,1,1,2.5562119532196448e-08,0,210903,anchor_success,5.400000095367432,25
no_cell,1,1,1,1,1,1.535270799379873e-09,0,151189,anchor_success,4.900000095367432,23
no_cell,1,1,1,1,1,9.398748375133437e-07,0,293527,anchor_success,5.099999904632568,26
no_cell,0,0,4,1,1,2.596397985499266e-09,0,44596,c5_early,4.099999904632568,24
no_cell,0,0,-1,0,0,0.005428915377706289,20,280931,c5_early,4.099999904632568,23
no_cell,0,0,-1,0,0,0.011832703836262226,19,209508,c5_early,4.099999904632568,23
no_cell,0,0,-1,0,0,0.00990203581750393,24,252867,c5_early,4.599999904632568,24
no_cell,0,0,-1,0,0,0.017880601808428764,16,108565,c5_early,4.199999809265137,25
no_cell,0,0,-1,0,0,0.012459116987884045,8,175246,c5_early,4.5,24
no_cell,0,0,-1,0,0,0.009177363477647305,20,8831,c5_early,4.300000190734863,24
no_cell,0,0,-1,0,0,0.017010122537612915,20,15645,c5_early,4.099999904632568,24
no_cell,0,0,-1,0,0,0.015242197550833225,19,46573,c5_early,4.300000190734863,24
no_cell,0,0,-1,0,0,0.008140882477164268,12,295549,c5_early,4.599999904632568,24
no_cell,0,0,-1,0,0,0.006693865638226271,10,104339,c5_early,4.400000095367432,23
no_cell,0,0,1,1,1,2.0274015799515155e-09,0,198610,c5_early,4.300000190734863,24
no_cell,0,0,-1,0,0,0.007718529552221298,2,170676,c5_early,4.099999904632568,26
no_cell,0,0,-1,0,0,0.0200789961963892,25,63709,c5_early,4.400000095367432,24
no_cell,0,0,-1,0,0,0.005498187150806189,10,140000,c5_early,4.699999809265137,25
no_cell,0,0,-1,0,0,0.006746498867869377,4,200903,c5_early,4.800000190734863,23
no_cell,0,0,-1,0,0,0.01058301143348217,19,227377,c5_late,4.699999809265137,24
no_cell,0,0,-1,0,0,0.010208253748714924,5,62345,c5_late,5.199999809265137,23
no_cell,0,0,-1,0,0,0.007766139693558216,6,199386,c5_late,6.199999809265137,25
no_cell,0,0,-1,0,0,0.0289430133998394,21,190603,c5_late,4.599999904632568,24
no_cell,0,0,-1,0,0,0.006520745810121298,2,251181,c5_late,4.199999809265137,23
no_cell,0,0,-1,0,0,0.015907740220427513,20,112818,c5_late,4.5,24
no_cell,0,0,-1,0,0,0.006112238392233849,15,213392,c5_late,4.5,24
no_cell,0,0,-1,0,0,0.006957328878343105,21,16749,c5_late,4.400000095367432,23
no_cell,0,0,-1,0,0,0.012817041017115116,17,63123,c5_late,4.199999809265137,26
no_cell,0,0,-1,0,0,0.006120688747614622,11,243314,c5_late,5.599999904632568,21
no_cell,0,0,-1,0,0,0.011075478978455067,22,178713,c5_late,6.099999904632568,25
no_cell,0,0,-1,0,0,0.006000861059874296,9,269228,c5_late,4.5,25
no_cell,0,0,-1,0,0,0.006522531155496836,10,183996,c5_late,4.5,26
no_cell,0,0,-1,0,0,0.032940562814474106,24,26456,c5_late,4.400000095367432,23
no_cell,0,0,-1,0,0,0.02117939665913582,19,232527,c5_late,4.400000095367432,27
no_cell,0,0,-1,0,0,0.005657130852341652,12,51305,c5_late,4.099999904632568,23
no_cell,0,0,-1,0,0,0.010687639005482197,13,193380,c5_failure,4.400000095367432,24
no_cell,0,0,-1,0,0,0.00511450320482254,16,241218,c5_failure,4.699999809265137,26
no_cell,0,0,-1,0,0,0.008495481684803963,10,188389,c5_failure,4.099999904632568,24
no_cell,0,0,-1,0,0,0.008842285722494125,15,76133,c5_failure,4.699999809265137,27
no_cell,0,0,-1,0,0,0.007902206853032112,12,275263,c5_failure,4.800000190734863,24
no_cell,0,0,-1,0,0,0.007465495262295008,10,235647,c5_failure,4.400000095367432,25
no_cell,0,0,-1,0,0,0.031119519844651222,22,140340,c5_failure,4.5,25
no_cell,0,0,3,1,1,4.0472755813425465e-08,0,202912,c5_failure,4.099999904632568,24
no_cell,0,0,-1,0,0,0.005908061284571886,11,28057,c5_failure,4.400000095367432,25
no_cell,0,0,-1,0,0,0.007071773521602154,10,160608,c5_failure,4.099999904632568,25
no_cell,0,0,-1,0,0,0.007589870598167181,11,153042,c5_failure,4.199999809265137,24
no_cell,0,0,-1,0,0,0.009110811166465282,4,205813,c5_failure,6.099999904632568,25
no_cell,0,0,-1,0,0,0.006564791314303875,12,53655,c5_failure,5.5,26
no_cell,0,0,-1,0,0,0.01091434620320797,6,99080,c5_failure,4.900000095367432,23
no_cell,0,0,-1,0,0,0.010333740152418613,12,210968,c5_failure,4.300000190734863,26
no_cell,0,0,-1,0,0,0.00924232229590416,19,205784,c5_failure,5.099999904632568,26
no_unit,1,1,1,1,1,2.547124067220352e-09,0,46354,anchor_success,4.099999904632568,25
no_unit,1,1,1,1,1,8.570084197856431e-09,0,155185,anchor_success,4.5,24
no_unit,1,1,1,1,1,8.525026906625044e-09,0,206650,anchor_success,5.199999809265137,23
no_unit,1,1,1,1,1,1.4209119436614515e-09,0,50539,anchor_success,5.300000190734863,25
no_unit,1,1,1,1,1,7.237514637381537e-06,0,52400,anchor_success,5.099999904632568,25
no_unit,1,1,1,1,1,6.261775098437283e-09,0,259018,anchor_success,4.199999809265137,24
no_unit,1,1,1,1,1,7.93042076452366e-09,0,175846,anchor_success,4.400000095367432,23
no_unit,1,1,1,1,1,7.35005079022244e-09,0,174648,anchor_success,4.099999904632568,25
no_unit,1,1,1,1,1,2.017641165252826e-08,0,234179,anchor_success,4.199999809265137,23
no_unit,1,1,1,1,1,2.193624766277935e-07,0,175266,anchor_success,4.900000095367432,25
no_unit,1,1,1,1,1,6.343372493944344e-09,0,215707,anchor_success,4.400000095367432,25
no_unit,1,1,1,1,1,4.355760552243737e-08,0,108126,anchor_success,4.099999904632568,23
no_unit,1,1,1,1,1,1.1914430331216863e-08,0,285365,anchor_success,4.199999809265137,25
no_unit,1,1,1,1,1,3.5189706704130685e-09,0,210903,anchor_success,5.400000095367432,25
no_unit,1,1,1,1,1,2.7739666119686035e-09,0,151189,anchor_success,4.900000095367432,23
no_unit,1,1,1,1,1,9.946204748700893e-09,0,293527,anchor_success,5.099999904632568,26
no_unit,0,0,1,1,1,2.8646172101076672e-09,0,44596,c5_early,4.099999904632568,24
no_unit,0,0,1,1,1,1.0814481532506193e-09,0,280931,c5_early,4.099999904632568,23
no_unit,0,0,2,1,1,1.1461365190257311e-09,0,209508,c5_early,4.099999904632568,23
no_unit,0,0,2,1,1,7.388379907879994e-10,0,252867,c5_early,4.599999904632568,24
no_unit,0,0,2,1,1,2.0351660623418866e-06,0,108565,c5_early,4.199999809265137,25
no_unit,0,0,2,1,1,2.050143610432542e-09,0,175246,c5_early,4.5,24
no_unit,0,0,2,1,1,1.1707077529621301e-09,0,8831,c5_early,4.300000190734863,24
no_unit,0,0,2,1,1,6.450003864344467e-10,0,15645,c5_early,4.099999904632568,24
no_unit,0,0,2,1,1,1.1824817791605824e-09,0,46573,c5_early,4.300000190734863,24
no_unit,0,0,1,1,1,9.846407023061943e-10,0,295549,c5_early,4.599999904632568,24
no_unit,0,0,2,1,1,3.0778684045884575e-09,0,104339,c5_early,4.400000095367432,23
no_unit,0,0,1,1,1,2.1786215054220293e-09,0,198610,c5_early,4.300000190734863,24
no_unit,0,0,1,1,1,1.1897293150653354e-09,0,170676,c5_early,4.099999904632568,26
no_unit,0,0,1,1,1,7.202553553575797e-10,0,63709,c5_early,4.400000095367432,24
no_unit,0,0,2,1,1,2.7263762358842314e-09,0,140000,c5_early,4.699999809265137,25
no_unit,0,0,2,1,1,1.2952883210459731e-09,0,200903,c5_early,4.800000190734863,23
no_unit,0,0,3,1,1,7.119985712122912e-10,0,227377,c5_late,4.699999809265137,24
no_unit,0,0,4,1,1,1.1524730325618293e-07,0,62345,c5_late,5.199999809265137,23
no_unit,0,0,4,1,1,1.6321839435562424e-09,0,199386,c5_late,6.199999809265137,25
no_unit,0,0,-1,0,0,0.009834108874201775,6,190603,c5_late,4.599999904632568,24
no_unit,0,0,3,1,1,8.994283651198032e-10,0,251181,c5_late,4.199999809265137,23
no_unit,0,0,-1,0,0,0.008231829851865768,5,112818,c5_late,4.5,24
no_unit,0,0,4,1,1,3.076522148148797e-09,0,213392,c5_late,4.5,24
no_unit,0,0,3,1,1,5.5177329372213535e-09,0,16749,c5_late,4.400000095367432,23
no_unit,0,0,4,1,1,5.219803256295563e-09,0,63123,c5_late,4.199999809265137,26
no_unit,0,0,-1,0,0,0.01349214743822813,3,243314,c5_late,5.599999904632568,21
no_unit,0,0,4,1,1,9.296079639398158e-08,0,178713,c5_late,6.099999904632568,25
no_unit,0,0,3,1,1,7.785606048749116e-10,0,269228,c5_late,4.5,25
no_unit,0,0,3,1,1,1.5647243500893637e-09,0,183996,c5_late,4.5,26
no_unit,0,0,5,1,1,2.634647273680457e-07,0,26456,c5_late,4.400000095367432,23
no_unit,0,0,3,1,1,5.4208662447763345e-08,0,232527,c5_late,4.400000095367432,27
no_unit,0,0,3,1,1,3.1740987616046823e-09,0,51305,c5_late,4.099999904632568,23
no_unit,0,0,-1,0,0,0.008080251514911652,2,193380,c5_failure,4.400000095367432,24
no_unit,0,0,-1,0,0,0.0110425790771842,7,241218,c5_failure,4.699999809265137,26
no_unit,0,0,-1,0,0,0.010496316477656364,3,188389,c5_failure,4.099999904632568,24
no_unit,0,0,-1,0,0,0.005597734358161688,3,76133,c5_failure,4.699999809265137,27
no_unit,0,0,-1,0,0,0.00964781828224659,3,275263,c5_failure,4.800000190734863,24
no_unit,0,0,-1,0,0,0.007803496439009905,3,235647,c5_failure,4.400000095367432,25
no_unit,0,0,-1,0,0,0.009912572801113129,2,140340,c5_failure,4.5,25
no_unit,0,0,4,1,1,7.889095599011853e-09,0,202912,c5_failure,4.099999904632568,24
no_unit,0,0,-1,0,0,0.012769789434969425,3,28057,c5_failure,4.400000095367432,25
no_unit,0,0,-1,0,0,0.0072341072373092175,2,160608,c5_failure,4.099999904632568,25
no_unit,0,0,-1,0,0,0.009054064750671387,5,153042,c5_failure,4.199999809265137,24
no_unit,0,0,-1,0,0,0.008968195877969265,6,205813,c5_failure,6.099999904632568,25
no_unit,0,0,-1,0,0,0.010541017167270184,3,53655,c5_failure,5.5,26
no_unit,0,0,5,1,1,1.1048680192971005e-07,0,99080,c5_failure,4.900000095367432,23
no_unit,0,0,-1,0,0,0.009682306088507175,3,210968,c5_failure,4.300000190734863,26
no_unit,0,0,-1,0,0,0.010102057829499245,3,205784,c5_failure,5.099999904632568,26
no_recovery,1,1,1,1,1,0.000140275718877092,0,46354,anchor_success,4.099999904632568,25
no_recovery,1,1,1,1,1,0.00011450464808149263,0,155185,anchor_success,4.5,24
no_recovery,1,1,1,1,1,0.0014585002791136503,0,206650,anchor_success,5.199999809265137,23
no_recovery,1,1,1,1,1,0.00014056454529054463,0,50539,anchor_success,5.300000190734863,25
no_recovery,1,1,1,1,1,0.006334085948765278,0,52400,anchor_success,5.099999904632568,25
no_recovery,1,1,1,1,1,3.999421824119054e-05,0,259018,anchor_success,4.199999809265137,24
no_recovery,1,1,1,1,1,0.00019631380564533174,0,175846,anchor_success,4.400000095367432,23
no_recovery,1,1,1,1,1,0.00013662604033015668,0,174648,anchor_success,4.099999904632568,25
no_recovery,1,1,1,1,1,0.00013228246825747192,0,234179,anchor_success,4.199999809265137,23
no_recovery,1,1,1,1,1,0.0002589337818790227,0,175266,anchor_success,4.900000095367432,25
no_recovery,1,1,1,1,1,0.000322024745400995,0,215707,anchor_success,4.400000095367432,25
no_recovery,1,1,1,1,1,0.00020184306777082384,0,108126,anchor_success,4.099999904632568,23
no_recovery,1,1,1,1,1,0.00021138388547115028,0,285365,anchor_success,4.199999809265137,25
no_recovery,1,1,1,1,1,0.0003078793815802783,0,210903,anchor_success,5.400000095367432,25
no_recovery,1,1,1,1,1,0.0011760912602767348,0,151189,anchor_success,4.900000095367432,23
no_recovery,1,1,1,1,1,0.00042825029231607914,0,293527,anchor_success,5.099999904632568,26
no_recovery,0,0,-1,0,0,0.03593198210000992,22,44596,c5_early,4.099999904632568,24
no_recovery,0,0,-1,0,0,0.03136971965432167,23,280931,c5_early,4.099999904632568,23
no_recovery,0,0,-1,0,0,0.06332466006278992,25,209508,c5_early,4.099999904632568,23
no_recovery,0,0,-1,0,0,0.04502107948064804,21,252867,c5_early,4.599999904632568,24
no_recovery,0,0,-1,0,0,0.10309994965791702,24,108565,c5_early,4.199999809265137,25
no_recovery,0,0,-1,0,0,0.023998282849788666,8,175246,c5_early,4.5,24
no_recovery,0,0,-1,0,0,0.02397235855460167,13,8831,c5_early,4.300000190734863,24
no_recovery,0,0,-1,0,0,0.08240093290805817,20,15645,c5_early,4.099999904632568,24
no_recovery,0,0,-1,0,0,0.06522132456302643,23,46573,c5_early,4.300000190734863,24
no_recovery,0,0,-1,0,0,0.0405733697116375,18,295549,c5_early,4.599999904632568,24
no_recovery,0,0,-1,0,0,0.02834741771221161,24,104339,c5_early,4.400000095367432,23
no_recovery,0,0,-1,0,0,0.04507310315966606,13,198610,c5_early,4.300000190734863,24
no_recovery,0,0,-1,0,0,0.023275218904018402,10,170676,c5_early,4.099999904632568,26
no_recovery,0,0,-1,0,0,0.11774706095457077,27,63709,c5_early,4.400000095367432,24
no_recovery,0,0,-1,0,0,0.02045610174536705,10,140000,c5_early,4.699999809265137,25
no_recovery,0,0,-1,0,0,0.034217216074466705,13,200903,c5_early,4.800000190734863,23
no_recovery,0,0,-1,0,0,0.1185176819562912,26,227377,c5_late,4.699999809265137,24
no_recovery,0,0,-1,0,0,0.048038266599178314,20,62345,c5_late,5.199999809265137,23
no_recovery,0,0,-1,0,0,0.027920380234718323,15,199386,c5_late,6.199999809265137,25
no_recovery,0,0,-1,0,0,0.12872371077537537,25,190603,c5_late,4.599999904632568,24
no_recovery,0,0,-1,0,0,0.02572953887283802,5,251181,c5_late,4.199999809265137,23
no_recovery,0,0,-1,0,0,0.08433520793914795,24,112818,c5_late,4.5,24
no_recovery,0,0,-1,0,0,0.06177433580160141,22,213392,c5_late,4.5,24
no_recovery,0,0,-1,0,0,0.01993105746805668,19,16749,c5_late,4.400000095367432,23
no_recovery,0,0,-1,0,0,0.0787898600101471,22,63123,c5_late,4.199999809265137,26
no_recovery,0,0,-1,0,0,0.045494988560676575,17,243314,c5_late,5.599999904632568,21
no_recovery,0,0,-1,0,0,0.047309692949056625,24,178713,c5_late,6.099999904632568,25
no_recovery,0,0,-1,0,0,0.040179066359996796,23,269228,c5_late,4.5,25
no_recovery,0,0,-1,0,0,0.032235391438007355,22,183996,c5_late,4.5,26
no_recovery,0,0,-1,0,0,0.1062626913189888,26,26456,c5_late,4.400000095367432,23
no_recovery,0,0,-1,0,0,0.08035880327224731,19,232527,c5_late,4.400000095367432,27
no_recovery,0,0,-1,0,0,0.044290587306022644,23,51305,c5_late,4.099999904632568,23
no_recovery,0,0,-1,0,0,0.02888711914420128,12,193380,c5_failure,4.400000095367432,24
no_recovery,0,0,-1,0,0,0.026824600994586945,17,241218,c5_failure,4.699999809265137,26
no_recovery,0,0,-1,0,0,0.03799806535243988,10,188389,c5_failure,4.099999904632568,24
no_recovery,0,0,-1,0,0,0.028481576591730118,25,76133,c5_failure,4.699999809265137,27
no_recovery,0,0,-1,0,0,0.028797687962651253,19,275263,c5_failure,4.800000190734863,24
no_recovery,0,0,-1,0,0,0.04094371199607849,23,235647,c5_failure,4.400000095367432,25
no_recovery,0,0,-1,0,0,0.05987617373466492,22,140340,c5_failure,4.5,25
no_recovery,0,0,-1,0,0,0.04182019084692001,13,202912,c5_failure,4.099999904632568,24
no_recovery,0,0,-1,0,0,0.029063856229186058,15,28057,c5_failure,4.400000095367432,25
no_recovery,0,0,-1,0,0,0.033120982348918915,20,160608,c5_failure,4.099999904632568,25
no_recovery,0,0,-1,0,0,0.0425252765417099,15,153042,c5_failure,4.199999809265137,24
no_recovery,0,0,-1,0,0,0.027936402708292007,21,205813,c5_failure,6.099999904632568,25
no_recovery,0,0,-1,0,0,0.035633742809295654,13,53655,c5_failure,5.5,26
no_recovery,0,0,-1,0,0,0.028225811198353767,11,99080,c5_failure,4.900000095367432,23
no_recovery,0,0,-1,0,0,0.05311556160449982,22,210968,c5_failure,4.300000190734863,26
no_recovery,0,0,-1,0,0,0.01944790780544281,20,205784,c5_failure,5.099999904632568,26
recovery_only,1,1,1,1,1,2.939339049934375e-10,0,46354,anchor_success,4.099999904632568,25
recovery_only,1,1,1,1,1,2.489454198340013e-09,0,155185,anchor_success,4.5,24
recovery_only,1,1,1,1,1,1.5322547675111764e-09,0,206650,anchor_success,5.199999809265137,23
recovery_only,1,1,1,1,1,3.980140661496989e-09,0,50539,anchor_success,5.300000190734863,25
recovery_only,1,1,1,1,1,3.6397782423591707e-06,0,52400,anchor_success,5.099999904632568,25
recovery_only,1,1,1,1,1,9.091812303019253e-10,0,259018,anchor_success,4.199999809265137,24
recovery_only,1,1,1,1,1,4.3742798272461414e-10,0,175846,anchor_success,4.400000095367432,23
recovery_only,1,1,1,1,1,1.7141806862852604e-09,0,174648,anchor_success,4.099999904632568,25
recovery_only,1,1,1,1,1,6.489058179681706e-10,0,234179,anchor_success,4.199999809265137,23
recovery_only,1,1,1,1,1,1.5065985126128112e-09,0,175266,anchor_success,4.900000095367432,25
recovery_only,1,1,1,1,1,4.508578399509133e-09,0,215707,anchor_success,4.400000095367432,25
recovery_only,1,1,1,1,1,3.446407603746593e-10,0,108126,anchor_success,4.099999904632568,23
recovery_only,1,1,1,1,1,2.465529114203946e-09,0,285365,anchor_success,4.199999809265137,25
recovery_only,1,1,1,1,1,1.327720688948375e-08,0,210903,anchor_success,5.400000095367432,25
recovery_only,1,1,1,1,1,1.6603872721177027e-09,0,151189,anchor_success,4.900000095367432,23
recovery_only,1,1,1,1,1,7.07160609181301e-07,0,293527,anchor_success,5.099999904632568,26
recovery_only,0,0,4,1,1,1.2724436615485502e-08,0,44596,c5_early,4.099999904632568,24
recovery_only,0,0,-1,0,0,0.004818768240511417,25,280931,c5_early,4.099999904632568,23
recovery_only,0,0,-1,0,0,0.013619059696793556,19,209508,c5_early,4.099999904632568,23
recovery_only,0,0,-1,0,0,0.010064954869449139,22,252867,c5_early,4.599999904632568,24
recovery_only,0,0,-1,0,0,0.021684804931282997,16,108565,c5_early,4.199999809265137,25
recovery_only,0,0,-1,0,0,0.008338826708495617,3,175246,c5_early,4.5,24
recovery_only,0,0,-1,0,0,0.009548861533403397,26,8831,c5_early,4.300000190734863,24
recovery_only,0,0,-1,0,0,0.017577186226844788,20,15645,c5_early,4.099999904632568,24
recovery_only,0,0,-1,0,0,0.01674957387149334,19,46573,c5_early,4.300000190734863,24
recovery_only,0,0,-1,0,0,0.029554257169365883,19,295549,c5_early,4.599999904632568,24
recovery_only,0,0,-1,0,0,0.02176479622721672,25,104339,c5_early,4.400000095367432,23
recovery_only,0,0,1,1,1,3.096584988426798e-09,0,198610,c5_early,4.300000190734863,24
recovery_only,0,0,-1,0,0,0.009796871803700924,17,170676,c5_early,4.099999904632568,26
recovery_only,0,0,-1,0,0,0.02371906116604805,27,63709,c5_early,4.400000095367432,24
recovery_only,0,0,-1,0,0,0.005601807031780481,9,140000,c5_early,4.699999809265137,25
recovery_only,0,0,-1,0,0,0.0215293001383543,25,200903,c5_early,4.800000190734863,23
recovery_only,0,0,-1,0,0,0.011870809830725193,18,227377,c5_late,4.699999809265137,24
recovery_only,0,0,-1,0,0,0.012072033248841763,16,62345,c5_late,5.199999809265137,23
recovery_only,0,0,-1,0,0,0.009633393958210945,3,199386,c5_late,6.199999809265137,25
recovery_only,0,0,-1,0,0,0.02628861367702484,22,190603,c5_late,4.599999904632568,24
recovery_only,0,0,-1,0,0,0.013636454939842224,18,251181,c5_late,4.199999809265137,23
recovery_only,0,0,-1,0,0,0.018808985128998756,22,112818,c5_late,4.5,24
recovery_only,0,0,-1,0,0,0.018292009830474854,23,213392,c5_late,4.5,24
recovery_only,0,0,-1,0,0,0.008384802378714085,19,16749,c5_late,4.400000095367432,23
recovery_only,0,0,-1,0,0,0.02060646004974842,19,63123,c5_late,4.199999809265137,26
recovery_only,0,0,-1,0,0,0.013727137818932533,22,243314,c5_late,5.599999904632568,21
recovery_only,0,0,-1,0,0,0.010054916143417358,24,178713,c5_late,6.099999904632568,25
recovery_only,0,0,-1,0,0,0.017955727875232697,22,269228,c5_late,4.5,25
recovery_only,0,0,-1,0,0,0.013323279097676277,25,183996,c5_late,4.5,26
recovery_only,0,0,-1,0,0,0.03998348116874695,24,26456,c5_late,4.400000095367432,23
recovery_only,0,0,-1,0,0,0.023791803047060966,20,232527,c5_late,4.400000095367432,27
recovery_only,0,0,-1,0,0,0.033109452575445175,23,51305,c5_late,4.099999904632568,23
recovery_only,0,0,-1,0,0,0.012093568220734596,18,193380,c5_failure,4.400000095367432,24
recovery_only,0,0,-1,0,0,0.007120305206626654,19,241218,c5_failure,4.699999809265137,26
recovery_only,0,0,-1,0,0,0.0105462446808815,16,188389,c5_failure,4.099999904632568,24
recovery_only,0,0,-1,0,0,0.010957589372992516,18,76133,c5_failure,4.699999809265137,27
recovery_only,0,0,-1,0,0,0.025751426815986633,20,275263,c5_failure,4.800000190734863,24
recovery_only,0,0,-1,0,0,0.011373192071914673,23,235647,c5_failure,4.400000095367432,25
recovery_only,0,0,-1,0,0,0.04110985994338989,24,140340,c5_failure,4.5,25
recovery_only,0,0,4,1,1,2.33978703079174e-08,0,202912,c5_failure,4.099999904632568,24
recovery_only,0,0,-1,0,0,0.017842808738350868,20,28057,c5_failure,4.400000095367432,25
recovery_only,0,0,-1,0,0,0.01677270047366619,20,160608,c5_failure,4.099999904632568,25
recovery_only,0,0,-1,0,0,0.01567944698035717,25,153042,c5_failure,4.199999809265137,24
recovery_only,0,0,-1,0,0,0.0416216179728508,26,205813,c5_failure,6.099999904632568,25
recovery_only,0,0,-1,0,0,0.007210430223494768,15,53655,c5_failure,5.5,26
recovery_only,0,0,-1,0,0,0.015904614701867104,21,99080,c5_failure,4.900000095367432,23
recovery_only,0,0,-1,0,0,0.012498804368078709,20,210968,c5_failure,4.300000190734863,26
recovery_only,0,0,-1,0,0,0.013111359439790249,17,205784,c5_failure,5.099999904632568,26
