split_position,group,rating,clues,anchor_valid,first_valid_cycle
46354,anchor_success,4.099999904632568,25,1,-1
155185,anchor_success,4.5,24,1,-1
206650,anchor_success,5.199999809265137,23,1,-1
50539,anchor_success,5.300000190734863,25,1,-1
52400,anchor_success,5.099999904632568,25,1,-1
259018,anchor_success,4.199999809265137,24,1,-1
175846,anchor_success,4.400000095367432,23,1,-1
174648,anchor_success,4.099999904632568,25,1,-1
234179,anchor_success,4.199999809265137,23,1,-1
175266,anchor_success,4.900000095367432,25,1,-1
215707,anchor_success,4.400000095367432,25,1,-1
108126,anchor_success,4.099999904632568,23,1,-1
285365,anchor_success,4.199999809265137,25,1,-1
210903,anchor_success,5.400000095367432,25,1,-1
151189,anchor_success,4.900000095367432,23,1,-1
293527,anchor_success,5.099999904632568,26,1,-1
44596,c5_early,4.099999904632568,24,0,1
280931,c5_early,4.099999904632568,23,0,1
209508,c5_early,4.099999904632568,23,0,2
252867,c5_early,4.599999904632568,24,0,2
108565,c5_early,4.199999809265137,25,0,2
175246,c5_early,4.5,24,0,2
8831,c5_early,4.300000190734863,24,0,2
15645,c5_early,4.099999904632568,24,0,2
46573,c5_early,4.300000190734863,24,0,2
295549,c5_early,4.599999904632568,24,0,1
104339,c5_early,4.400000095367432,23,0,2
198610,c5_early,4.300000190734863,24,0,1
170676,c5_early,4.099999904632568,26,0,1
63709,c5_early,4.400000095367432,24,0,2
140000,c5_early,4.699999809265137,25,0,2
200903,c5_early,4.800000190734863,23,0,2
227377,c5_late,4.699999809265137,24,0,4
62345,c5_late,5.199999809265137,23,0,3
199386,c5_late,6.199999809265137,25,0,5
190603,c5_late,4.599999904632568,24,0,5
251181,c5_late,4.199999809265137,23,0,3
112818,c5_late,4.5,24,0,5
213392,c5_late,4.5,24,0,4
16749,c5_late,4.400000095367432,23,0,3
63123,c5_late,4.199999809265137,26,0,4
243314,c5_late,5.599999904632568,21,0,4
178713,c5_late,6.099999904632568,25,0,4
269228,c5_late,4.5,25,0,3
183996,c5_late,4.5,26,0,4
26456,c5_late,4.400000095367432,23,0,4
232527,c5_late,4.400000095367432,27,0,3
51305,c5_late,4.099999904632568,23,0,3
193380,c5_failure,4.400000095367432,24,0,-1
241218,c5_failure,4.699999809265137,26,0,-1
188389,c5_failure,4.099999904632568,24,0,-1
76133,c5_failure,4.699999809265137,27,0,-1
275263,c5_failure,4.800000190734863,24,0,-1
235647,c5_failure,4.400000095367432,25,0,-1
140340,c5_failure,4.5,25,0,-1
202912,c5_failure,4.099999904632568,24,0,-1
28057,c5_failure,4.400000095367432,25,0,-1
160608,c5_failure,4.099999904632568,25,0,-1
153042,c5_failure,4.199999809265137,24,0,-1
205813,c5_failure,6.099999904632568,25,0,-1
53655,c5_failure,5.5,26,0,-1
99080,c5_failure,4.900000095367432,23,0,-1
210968,c5_failure,4.300000190734863,26,0,-1
205784,c5_failure,5.099999904632568,26,0,-1
