puzzle_index,baseline_class,dual_branch_found,opposite_total,min_opposite_sigma,earliest_opposite_time,best_opposite_count
2449,2,True,301,0.01,0,19
404,2,True,41,0.1,0,12
2286,2,True,23,1.0,8,8
1167,2,True,1,1.0,8,1
763,2,True,47,0.3,8,14
911,2,True,28,0.3,0,11
559,2,True,4,1.0,0,3
1182,2,True,219,0.03,0,16
297,2,True,84,0.1,0,14
1818,2,True,83,0.1,0,17
721,1,True,46,0.3,8,10
1813,1,True,78,0.1,0,13
3854,1,True,5,1.0,40,3
1130,1,True,24,1.0,8,9
3344,2,True,106,0.1,0,17
2972,1,True,87,0.3,0,18
3607,2,True,8,1.0,8,5
234,2,True,19,1.0,8,7
430,2,True,77,0.1,0,20
2559,2,True,1,1.0,8,1
3756,1,True,43,0.3,8,10
271,2,True,12,1.0,8,4
858,2,True,53,0.3,8,13
2010,1,True,38,0.1,0,8
3131,1,True,65,0.3,0,14
1239,1,True,15,0.3,8,7
636,2,True,22,0.3,8,6
1515,1,True,14,0.3,0,7
3136,2,True,45,0.3,0,10
2923,2,True,10,1.0,8,4
4082,2,True,13,1.0,16,4
1904,2,True,148,0.1,8,18
3212,1,True,231,0.03,8,20
1683,1,True,3,1.0,8,3
2930,1,True,322,0.03,0,23
1972,2,True,207,0.03,0,25
1800,1,True,22,0.3,0,5
2625,1,True,91,0.01,0,11
1199,1,True,25,0.3,0,10
239,1,True,67,0.3,0,14
1587,1,True,4,1.0,16,2
3929,1,True,15,1.0,8,7
618,1,True,73,0.1,0,13
1951,1,True,29,0.3,0,12
2038,1,True,84,0.3,8,15
2027,1,True,195,0.03,0,17
2079,1,True,320,0.03,0,27
1910,1,True,111,0.1,8,14
1433,1,True,26,0.3,0,10
36,2,True,15,0.3,0,8
2326,1,True,46,0.3,8,12
527,2,True,101,0.1,0,18
1332,1,True,56,0.3,8,12
3586,1,True,1,1.0,8,1
747,2,True,20,1.0,8,11
2357,1,True,29,1.0,8,10
2486,1,True,6,1.0,8,5
2241,2,True,20,0.3,0,9
2184,1,True,347,0.03,0,20
3585,2,True,1,1.0,8,1
1627,2,True,6,1.0,32,3
1246,2,True,215,0.03,0,20
2092,1,True,88,0.3,8,15
2213,1,True,34,0.3,8,7
3728,2,True,260,0.01,0,20
736,1,True,19,0.3,8,6
1244,2,True,107,0.1,0,18
1495,1,True,1,1.0,8,1
2339,1,True,74,0.1,0,13
3818,1,True,90,0.1,0,14
1538,2,True,35,0.3,8,17
3240,2,True,10,1.0,8,10
1869,1,True,36,0.3,0,13
2609,1,False,0,nan,-1,0
2779,2,True,31,1.0,8,10
1760,2,True,187,0.03,0,18
2065,2,True,64,0.1,0,16
3237,2,True,249,0.03,0,21
3144,2,True,40,0.3,8,10
3357,2,True,25,0.3,8,8
3574,2,True,11,1.0,8,4
3238,2,True,19,1.0,0,6
3859,1,True,4,1.0,16,2
352,1,True,84,0.1,0,13
2519,1,True,154,0.1,0,23
2127,1,True,40,0.3,8,20
1266,2,True,49,0.3,8,13
2152,1,True,118,0.1,8,21
526,1,True,13,1.0,8,4
3876,2,True,146,0.1,0,19
1635,2,True,43,0.3,0,11
2351,2,True,3,1.0,0,2
1451,1,True,82,0.1,0,14
1131,2,True,199,0.1,0,19
2445,2,True,152,0.1,0,17
1048,1,True,168,0.01,0,19
