split,split_position,stratum,global_id
val,46354,anchor_success,463893
val,155185,anchor_success,1548017
val,206650,anchor_success,2062843
val,50539,anchor_success,506155
val,52400,anchor_success,524776
val,259018,anchor_success,2588709
val,175846,anchor_success,1754505
val,174648,anchor_success,1742466
val,234179,anchor_success,2339192
val,175266,anchor_success,1748925
val,215707,anchor_success,2152774
val,108126,anchor_success,1081323
val,285365,anchor_success,2850699
val,210903,anchor_success,2105126
val,151189,anchor_success,1509029
val,293527,anchor_success,2932632
val,44596,c5_early,446089
val,280931,c5_early,2806795
val,209508,c5_early,2091143
val,252867,c5_early,2526906
val,108565,c5_early,1085738
val,175246,c5_early,1748698
val,8831,c5_early,87916
val,15645,c5_early,156195
val,46573,c5_early,465954
val,295549,c5_early,2952707
val,104339,c5_early,1043880
val,198610,c5_early,1981784
val,170676,c5_early,1702416
val,63709,c5_early,637960
val,140000,c5_early,1397696
val,200903,c5_early,2004895
val,227377,c5_late,2270855
val,62345,c5_late,623669
val,199386,c5_late,1989780
val,190603,c5_late,1901689
val,251181,c5_late,2509987
val,112818,c5_late,1126994
val,213392,c5_late,2129727
val,16749,c5_late,167028
val,63123,c5_late,632134
val,243314,c5_late,2431250
val,178713,c5_late,1783530
val,269228,c5_late,2689874
val,183996,c5_late,1836465
val,26456,c5_late,264620
val,232527,c5_late,2322721
val,51305,c5_late,513790
val,193380,c5_failure,1929273
val,241218,c5_failure,2410167
val,188389,c5_failure,1880059
val,76133,c5_failure,762033
val,275263,c5_failure,2750634
val,235647,c5_failure,2353943
val,140340,c5_failure,1401081
val,202912,c5_failure,2024930
val,28057,c5_failure,279969
val,160608,c5_failure,1602113
val,153042,c5_failure,1527208
val,205813,c5_failure,2054801
val,53655,c5_failure,537119
val,99080,c5_failure,991499
val,210968,c5_failure,2105715
val,205784,c5_failure,2054554
test,157346,anchor_success,1569034
test,5663,anchor_success,57146
test,267084,anchor_success,2662035
test,206429,anchor_success,2057796
test,117340,anchor_success,1170751
test,95196,anchor_success,949494
test,7836,anchor_success,78886
test,265146,anchor_success,2643334
test,107112,anchor_success,1068204
test,254781,anchor_success,2540641
test,142225,anchor_success,1416205
test,204549,anchor_success,2039575
test,287380,anchor_success,2866266
test,244303,anchor_success,2437348
test,98331,anchor_success,979889
test,22543,anchor_success,226215
test,101828,anchor_success,1014463
test,172771,anchor_success,1723121
test,21839,anchor_success,218727
test,22923,anchor_success,230381
test,42870,anchor_success,430458
test,208764,anchor_success,2080916
test,228531,anchor_success,2278950
test,8344,anchor_success,83686
test,260499,anchor_success,2597588
test,225837,anchor_success,2252241
test,35000,anchor_success,350691
test,74095,anchor_success,739583
test,78384,anchor_success,781388
test,128273,anchor_success,1277797
test,207841,anchor_success,2071894
test,55376,anchor_success,554609
test,294208,c5_early,2935089
test,281051,c5_early,2801903
test,137977,c5_early,1374173
test,129140,c5_early,1286607
test,268330,c5_early,2674817
test,154128,c5_early,1536633
test,148877,c5_early,1483546
test,260755,c5_early,2600315
test,38368,c5_early,384071
test,119614,c5_early,1192590
test,68490,c5_early,684192
test,14453,c5_early,144215
test,149660,c5_early,1491115
test,5949,c5_early,59953
test,189470,c5_early,1889025
test,271183,c5_early,2703825
test,123495,c5_early,1230238
test,104552,c5_early,1042875
test,70909,c5_early,708378
test,19671,c5_early,196983
test,44866,c5_early,449838
test,286999,c5_early,2862025
test,235370,c5_early,2347548
test,271630,c5_early,2708337
test,204754,c5_early,2041478
test,130926,c5_early,1304129
test,273906,c5_early,2730905
test,180856,c5_early,1803702
test,197637,c5_early,1971143
test,293670,c5_early,2929833
test,39979,c5_early,401289
test,20445,c5_early,205061
test,104150,c5_late,1038533
test,26144,c5_late,262677
test,300689,c5_late,2999881
test,45072,c5_late,452079
test,173412,c5_late,1729466
test,95669,c5_late,954028
test,134533,c5_late,1340168
test,82989,c5_late,827188
test,89193,c5_late,888913
test,59905,c5_late,599838
test,226931,c5_late,2263354
test,51921,c5_late,521135
test,43168,c5_late,433132
test,178269,c5_late,1777969
test,264105,c5_late,2632597
test,14791,c5_late,147466
test,83663,c5_late,833997
test,20795,c5_late,208738
test,187097,c5_late,1865442
test,6306,c5_late,63667
test,185654,c5_late,1850436
test,228348,c5_late,2277262
test,260291,c5_late,2595366
test,173534,c5_late,1730817
test,88856,c5_late,885617
test,121221,c5_late,1208064
test,239798,c5_late,2391821
test,89257,c5_late,889638
test,229629,c5_late,2289627
test,54967,c5_late,550393
test,133554,c5_late,1330203
test,294487,c5_late,2937858
test,225699,c5_failure,2250830
test,48785,c5_failure,490199
test,144987,c5_failure,1444220
test,173829,c5_failure,1733704
test,220832,c5_failure,2201291
test,125121,c5_failure,1245878
test,274484,c5_failure,2736496
test,295494,c5_failure,2948307
test,288146,c5_failure,2873863
test,162762,c5_failure,1623795
test,177614,c5_failure,1771157
test,115862,c5_failure,1156327
test,230245,c5_failure,2296011
test,124254,c5_failure,1237602
test,182096,c5_failure,1816100
test,128147,c5_failure,1276633
test,268289,c5_failure,2674451
test,273075,c5_failure,2722741
test,156994,c5_failure,1565186
test,77033,c5_failure,767766
test,246677,c5_failure,2460161
test,211122,c5_failure,2104534
test,67179,c5_failure,670409
test,160496,c5_failure,1600275
test,74802,c5_failure,746313
test,154893,c5_failure,1543866
test,174243,c5_failure,1737661
test,46436,c5_failure,465754
test,5096,c5_failure,51466
test,279016,c5_failure,2782447
test,151866,c5_failure,1513419
test,194492,c5_failure,1938591
