split,split_position,stratum
val,46354,anchor_success
val,155185,anchor_success
val,206650,anchor_success
val,50539,anchor_success
val,52400,anchor_success
val,259018,anchor_success
val,175846,anchor_success
val,174648,anchor_success
val,234179,anchor_success
val,175266,anchor_success
val,215707,anchor_success
val,108126,anchor_success
val,285365,anchor_success
val,210903,anchor_success
val,151189,anchor_success
val,293527,anchor_success
val,44596,c5_early
val,280931,c5_early
val,209508,c5_early
val,252867,c5_early
val,108565,c5_early
val,175246,c5_early
val,8831,c5_early
val,15645,c5_early
val,46573,c5_early
val,295549,c5_early
val,104339,c5_early
val,198610,c5_early
val,170676,c5_early
val,63709,c5_early
val,140000,c5_early
val,200903,c5_early
val,227377,c5_late
val,62345,c5_late
val,199386,c5_late
val,190603,c5_late
val,251181,c5_late
val,112818,c5_late
val,213392,c5_late
val,16749,c5_late
val,63123,c5_late
val,243314,c5_late
val,178713,c5_late
val,269228,c5_late
val,183996,c5_late
val,26456,c5_late
val,232527,c5_late
val,51305,c5_late
val,193380,c5_failure
val,241218,c5_failure
val,188389,c5_failure
val,76133,c5_failure
val,275263,c5_failure
val,235647,c5_failure
val,140340,c5_failure
val,202912,c5_failure
val,28057,c5_failure
val,160608,c5_failure
val,153042,c5_failure
val,205813,c5_failure
val,53655,c5_failure
val,99080,c5_failure
val,210968,c5_failure
val,205784,c5_failure
test,157346,anchor_success
test,5663,anchor_success
test,267084,anchor_success
test,206429,anchor_success
test,117340,anchor_success
test,95196,anchor_success
test,7836,anchor_success
test,265146,anchor_success
test,107112,anchor_success
test,254781,anchor_success
test,142225,anchor_success
test,204549,anchor_success
test,287380,anchor_success
test,244303,anchor_success
test,98331,anchor_success
test,22543,anchor_success
test,101828,anchor_success
test,172771,anchor_success
test,21839,anchor_success
test,22923,anchor_success
test,42870,anchor_success
test,208764,anchor_success
test,228531,anchor_success
test,8344,anchor_success
test,260499,anchor_success
test,225837,anchor_success
test,35000,anchor_success
test,74095,anchor_success
test,78384,anchor_success
test,128273,anchor_success
test,207841,anchor_success
test,55376,anchor_success
test,294208,c5_early
test,281051,c5_early
test,137977,c5_early
test,129140,c5_early
test,268330,c5_early
test,154128,c5_early
test,148877,c5_early
test,260755,c5_early
test,38368,c5_early
test,119614,c5_early
test,68490,c5_early
test,14453,c5_early
test,149660,c5_early
test,5949,c5_early
test,189470,c5_early
test,271183,c5_early
test,123495,c5_early
test,104552,c5_early
test,70909,c5_early
test,19671,c5_early
test,44866,c5_early
test,286999,c5_early
test,235370,c5_early
test,271630,c5_early
test,204754,c5_early
test,130926,c5_early
test,273906,c5_early
test,180856,c5_early
test,197637,c5_early
test,293670,c5_early
test,39979,c5_early
test,20445,c5_early
test,104150,c5_late
test,26144,c5_late
test,300689,c5_late
test,45072,c5_late
test,173412,c5_late
test,95669,c5_late
test,134533,c5_late
test,82989,c5_late
test,89193,c5_late
test,59905,c5_late
test,226931,c5_late
test,51921,c5_late
test,43168,c5_late
test,178269,c5_late
test,264105,c5_late
test,14791,c5_late
test,83663,c5_late
test,20795,c5_late
test,187097,c5_late
test,6306,c5_late
test,185654,c5_late
test,228348,c5_late
test,260291,c5_late
test,173534,c5_late
test,88856,c5_late
test,121221,c5_late
test,239798,c5_late
test,89257,c5_late
test,229629,c5_late
test,54967,c5_late
test,133554,c5_late
test,294487,c5_late
test,225699,c5_failure
test,48785,c5_failure
test,144987,c5_failure
test,173829,c5_failure
test,220832,c5_failure
test,125121,c5_failure
test,274484,c5_failure
test,295494,c5_failure
test,288146,c5_failure
test,162762,c5_failure
test,177614,c5_failure
test,115862,c5_failure
test,230245,c5_failure
test,124254,c5_failure
test,182096,c5_failure
test,128147,c5_failure
test,268289,c5_failure
test,273075,c5_failure
test,156994,c5_failure
test,77033,c5_failure
test,246677,c5_failure
test,211122,c5_failure
test,67179,c5_failure
test,160496,c5_failure
test,74802,c5_failure
test,154893,c5_failure
test,174243,c5_failure
test,46436,c5_failure
test,5096,c5_failure
test,279016,c5_failure
test,151866,c5_failure
test,194492,c5_failure
